Workbook
Name ColumnTitle1: #REF!
Name RowTitleRegion1..D4: #REF!
Name RowTitleRegion2..D11: #REF!

Sheet 111 Wall Dashboard
B2: 111 Wall - Concerto Millwork - Logistics Dashboard | N2: =TODAY() -> 46217
B3: Apartment Tower - 58 units x X floors | O3: ="WEEK " &WEEKNUM(TODAY()) -> WEEK 29
B6: Total Containers | D6: Units Delivered | H6: Container Status | L6: Outlook Copy - Top 10 | O6: Coming Soon
B7: =COUNTIF('111 Wall_CTNR Schedule'!E8:E45,"<>") -> 35 | D7: =SUMIF('111 Wall_CTNR Schedule'!D8:D45,"D", '111 Wall_CTNR Schedule'!J8:J45) -> 0 | H7: PROJECTED | I7: {=SUMPRODUCT(--('111 Wall_CTNR Schedule'!D$8:D$45="PROJ"))} -> 33 | J7: =SUM(I7)/SUM($I$7:$I$12) -> 1 | L7: {="- 111W CNT "&'111 Wall_CTNR Schedule'!AR9:AR18&"("&'111 Wall_CTNR Schedule'!AY9:AY18&") FL "&'111 Wall_CTNR Schedule'!AU9:AU18&"-"&TEXT('111 Wall_CTNR Schedule'!BN9:BN18,"ddd mmm dd")&"-"&IF('111 Wall_CTNR Schedule'!BS9:BS18=FALSE,"ETA","Confirmed")} -> - 111W CNT 1(--) FL 3-Sat Sep 05-ETA
B8: Floors 3-12 Only | D8: ="Of "&SUM('111 Wall_CTNR Schedule'!J8:J45) & " Units" -> Of 622 Units | H8: LOADING | I8: {=SUMPRODUCT(--('111 Wall_CTNR Schedule'!D$8:D$45="LDG"))} -> 0 | J8: =SUM(I8)/SUM($I$7:$I$12) -> 0 | L8: - 111W CNT 2(--) FL 3-Sat Sep 05-ETA
H9: LOADED | I9: {=SUMPRODUCT(--('111 Wall_CTNR Schedule'!D$8:D$45="LDD"))} -> 0 | J9: =SUM(I9)/SUM($I$7:$I$12) -> 0 | L9: - 111W CNT 3(--) FL 3,4-Sat Sep 05-ETA
H10: ENROUTE | I10: {=SUMPRODUCT(--('111 Wall_CTNR Schedule'!D$8:D$45="ENR"))} -> 0 | J10: =SUM(I10)/SUM($I$7:$I$12) -> 0 | L10: - 111W CNT 4(--) FL 4-Sat Oct 10-ETA
B11: Transit Performance | H11: IN PORT | I11: {=SUMPRODUCT(--('111 Wall_CTNR Schedule'!D$8:D$45="INPRT"))} -> 0 | J11: =SUM(I11)/SUM($I$7:$I$12) -> 0 | L11: - 111W CNT 5(--) FL 4-Sat Oct 10-ETA
B12: Average Load Days | D12: =AVERAGE('111 Wall_CTNR Schedule'!Q8:Q40) -> 5 | H12: DELIVERED | I12: {=SUMPRODUCT(--('111 Wall_CTNR Schedule'!D$8:D$45="D"))} -> 0 | J12: =SUM(I12)/SUM($I$7:$I$12) -> 0 | L12: - 111W CNT 6(--) FL 4,5-Sat Oct 17-ETA
B13: Average Sea Transit Days | D13: =AVERAGE('111 Wall_CTNR Schedule'!U8:U40) -> 20 | L13: - 111W CNT 7(--) FL 5-Sat Oct 17-ETA
B14: Average In Port Days | D14: =AVERAGE('111 Wall_CTNR Schedule'!X8:X45) -> 4.7142857 | L14: - 111W CNT 8(--) FL 5-Sat Oct 24-ETA
B15: Total Transit Time | D15: =SUM(D12:D14) -> 29.714286 | L15: - 111W CNT 9(--) FL 5-Sat Oct 24-ETA
L16: - 111W CNT 10(--) FL 5,6-Sat Oct 31-ETA
B19: Container Schedule
B20: CTNR No. | C20: Status | D20: CTNR Code | E20: Load WK | F20: Load Date | G20: ETA NY | H20: DELIVERY | I20: Confirmed? | J20: Floor | K20: Unit Q.ty | M20: Units | N20: Notes
B21: NEXT UP
B22: {="CTN " & '111 Wall_CTNR Schedule'!E8:E45} -> CTN 1 | C22: {='111 Wall_CTNR Schedule'!D8:D45} -> PROJ | D22: {='111 Wall_CTNR Schedule'!L8:L45} -> -- | E22: {="Wk " &'111 Wall_CTNR Schedule'!F8:F45} -> Wk 32 | F22: {='111 Wall_CTNR Schedule'!P8:P45} -> 46240 | G22: {='111 Wall_CTNR Schedule'!W8:W45} -> 46265 | H22: {=TEXT('111 Wall_CTNR Schedule'!AA8:AA45,"ddd mmm dd")} -> Sat Sep 05 | I22: {=IF('111 Wall_CTNR Schedule'!AF8:AF45=FALSE,"ETA",IF('111 Wall_CTNR Schedule'!AF8:AF45=TRUE,"Confirmed"))} -> ETA | J22: {="FL " & '111 Wall_CTNR Schedule'!H8:H45} -> FL 3 | K22: {='111 Wall_CTNR Schedule'!J8:J45& "x"} -> 20x | M22: {='111 Wall_CTNR Schedule'!I8:I45} -> 301:313,315:321 | N22: {='111 Wall_CTNR Schedule'!AK8:AK45} -> 30
B23: CTN 2 | C23: PROJ | D23: -- | E23: Wk 32 | F23: 46240 | G23: 46265 | H23: Sat Sep 05 | I23: ETA | J23: FL 3 | K23: 20x | M23: 322:333,335:342 | N23: 30
B24: CTN 3 | C24: PROJ | D24: -- | E24: Wk 32 | F24: 46240 | G24: 46265 | H24: Sat Sep 05 | I24: ETA | J24: FL 3,4 | K24: 20x | M24: 343:349,352:354,356:358,401:407 | N24: 30
B25: CTN 4 | C25: PROJ | D25: -- | E25: Wk 37 | F25: 46275 | G25: 46300 | H25: Sat Oct 10 | I25: ETA | J25: FL 4 | K25: 18x | M25: 408:425 | N25: 30
B26: CTN 5 | C26: PROJ | D26: -- | E26: Wk 37 | F26: 46275 | G26: 46300 | H26: Sat Oct 10 | I26: ETA | J26: FL 4 | K26: 18x | M26: 426:443 | N26: 30
B27: CTN 6 | C27: PROJ | D27: -- | E27: Wk 38 | F27: 46282 | G27: 46307 | H27: Sat Oct 17 | I27: ETA | J27: FL 4,5 | K27: 16x | M27: 444:449,452:458,501:503 | N27: 30
B28: CTN 7 | C28: PROJ | D28: -- | E28: Wk 38 | F28: 46282 | G28: 46307 | H28: Sat Oct 17 | I28: ETA | J28: FL 5 | K28: 18x | M28: 504:521 | N28: 30
B29: CTN 8 | C29: PROJ | D29: -- | E29: Wk 39 | F29: 46289 | G29: 46314 | H29: Sat Oct 24 | I29: ETA | J29: FL 5 | K29: 18x | M29: 522:539 | N29: 30
B30: CTN 9 | C30: PROJ | D30: -- | E30: Wk 39 | F30: 46289 | G30: 46314 | H30: Sat Oct 24 | I30: ETA | J30: FL 5 | K30: 16x | M30: 540:549,552:557 | N30: 30
B31: CTN 10 | C31: PROJ | D31: -- | E31: Wk 40 | F31: 46296 | G31: 46321 | H31: Sat Oct 31 | I31: ETA | J31: FL 5,6 | K31: 18x | M31: 558,601:617 | N31: 30
B32: CTN 11 | C32: PROJ | D32: -- | E32: Wk 40 | F32: 46296 | G32: 46321 | H32: Sat Oct 31 | I32: ETA | J32: FL 6 | K32: 18x | M32: 618:635 | N32: 30
B33: CTN 12 | C33: PROJ | D33: -- | E33: Wk 41 | F33: 46303 | G33: 46328 | H33: Sat Nov 07 | I33: ETA | J33: FL 6 | K33: 16x | M33: 636:649,652:653 | N33: 30
B34: CTN 13 | C34: PROJ | D34: -- | E34: Wk 41 | F34: 46303 | G34: 46328 | H34: Sat Nov 07 | I34: ETA | J34: FL 6,7 | K34: 18x | M34: 654:658,701:713 | N34: 30
... B54: CTN H1 | C54: PROJ | D54: -- | E54: Wk 51 | F54: 46373 | G54: 46398 | H54: Sat Jan 16 | I54: ETA | J54: FL 3:10 | K54: 16x | M54: 350:351,450:451,550:551,650:651,750:751,850:851,950:951,1050:1051 | N54: 30
B55: CTN 0 | C55: 0 | D55: 0 | E55: Wk 0 | F55: 0 | G55: 0 | H55: Sat Jan 00 | I55: FALSE | J55: FL 0 | K55: 0x | M55: 0 | N55: 0
B56: CTN 0 | C56: 0 | D56: 0 | E56: Wk 0 | F56: 0 | G56: 0 | H56: Sat Jan 00 | I56: FALSE | J56: FL 0 | K56: 0x | M56: 0 | N56: 0
B57: CTN | C57: 0 | D57: 0 | E57: Wk | F57: 0 | G57: 0 | H57: Sat Jan 00 | I57: ETA | J57: FL | K57: x | M57: 0 | N57: 0
B58: CTN | C58: 0 | D58: 0 | E58: Wk | F58: 0 | G58: 0 | H58: Sat Jan 00 | I58: ETA | J58: FL | K58: x | M58: 0 | N58: 0
B59: CTN | C59: 0 | D59: 0 | E59: Wk | F59: 0 | G59: 0 | H59: Sat Jan 00 | I59: ETA | J59: FL | K59: x | M59: 0 | N59: 0

Sheet 111 Wall_Building Matrix
B2: 111W -BUILDING MATRIX
B3: KITCHEN TYPE & STATUS | M3: Top-Down | P3: = Flip the Building
AZ4: HOIST
B5: UNITS | C5: 01 | D5: 02 | E5: 03 | F5: 04 | G5: 05 | H5: 06 | I5: 07 | J5: 08 | K5: 09 | L5: 10 | M5: 11 | N5: 12 | O5: 13 | P5: 14 | Q5: 15 | R5: 16 | S5: 17 | T5: 18 | U5: 19 | V5: 20 | W5: 21 | X5: 22 | Y5: 23 | Z5: 24 | AA5: 25 | AB5: 26 | AC5: 27 | AD5: 28 | AE5: 29 | AF5: 30 | AG5: 31 | AH5: 32 | AI5: 33 | AJ5: 34 | AK5: 35 | AL5: 36 | AM5: 37 | AN5: 38 | AO5: 39 | AP5: 40 | AQ5: 41 | AR5: 42 | AS5: 43 | AT5: 44 | AU5: 45 | AV5: 46 | AW5: 47 | AX5: 48 | AY5: 49 | AZ5: 50 | BA5: 51 | BB5: 52 | BC5: 53 | BD5: 54 | BE5: 55 | BF5: 56 | BG5: 57 | BH5: 58 | BJ5: Floor-by-Floor Status
B6: FLOOR
C7: {=$B8*100+C$5:BH$5} -> 2901 | D7: 2902 | E7: 2903 | F7: 2904 | G7: 2905 | H7: 2906 | I7: 2907 | J7: 2908 | K7: 2909 | L7: 2910 | M7: 2911 | N7: 2912 | O7: 2913 | P7: 2914 | Q7: 2915 | R7: 2916 | S7: 2917 | T7: 2918 | U7: 2919 | V7: 2920 | W7: 2921 | X7: 2922 | Y7: 2923 | Z7: 2924 | AA7: 2925 | AB7: 2926 | AC7: 2927 | AD7: 2928 | AE7: 2929 | AF7: 2930 | AG7: 2931 | AH7: 2932 | AI7: 2933 | AJ7: 2934 | AK7: 2935 | AL7: 2936 | AM7: 2937 | AN7: 2938 | AO7: 2939 | AP7: 2940 | AQ7: 2941 | AR7: 2942 | AS7: 2943 | AT7: 2944 | AU7: 2945 | AV7: 2946 | AW7: 2947 | AX7: 2948 | AY7: 2949 | AZ7: 2950 | BA7: 2951 | BB7: 2952 | BC7: 2953 | BD7: 2954 | BE7: 2955 | BF7: 2956 | BG7: 2957 | BH7: 2958 | BJ7: =B8&"th FLOOR" -> 29th FLOOR
B8: {=_xlfn.LET(_xlpm.s,_xlfn.SEQUENCE(79),_xlpm.k,(_xlpm.s-1)/3,IF(MOD(_xlpm.s-1,3)=0,IF($M$3="Top-Down",29-_xlpm.k,3+_xlpm.k),""))} -> 29 | C8: {=_xlfn.XLOOKUP(C7:BH7,'[1]111W_BUILDING MATRIX'!$B$8:$B$600,'[1]111W_BUILDING MATRIX'!$E$8:$E$600,"--")} -> -- | D8: -- | E8: -- | F8: -- | G8: -- | H8: -- | I8: -- | J8: -- | K8: -- | L8: -- | M8: -- | N8: -- | O8: -- | P8: -- | Q8: -- | R8: -- | S8: -- | T8: -- | U8: -- | V8: -- | W8: -- | X8: -- | Y8: -- | Z8: -- | AA8: -- | AB8: -- | AC8: -- | AD8: -- | AE8: -- | AF8: -- | AG8: -- | AH8: -- | AI8: -- | AJ8: -- | AK8: -- | AL8: -- | AM8: -- | AN8: -- | AO8: -- | AP8: -- | AQ8: -- | AR8: -- | AS8: -- | AT8: -- | AU8: -- | AV8: -- | AW8: -- | AX8: -- | AY8: -- | AZ8: -- | BA8: -- | BB8: -- | BC8: -- | BD8: -- | BE8: -- | BF8: -- | BG8: -- | BH8: -- | BJ8: =COUNTIF(C9:BH9, "D") -> 0 | BK8: KITCHENS DELIVERED out of | BN8: =COUNTIF(C9:BH9,"<>--") -> 0 | BO8: =BJ8/BN8 -> #DIV/0!
C9: {=_xlfn.XLOOKUP(C7:BH7,'[1]111W_BUILDING MATRIX'!$B$8:$B$600,'[1]111W_BUILDING MATRIX'!$H$8:$H$600,"--")} -> -- | D9: -- | E9: -- | F9: -- | G9: -- | H9: -- | I9: -- | J9: -- | K9: -- | L9: -- | M9: -- | N9: -- | O9: -- | P9: -- | Q9: -- | R9: -- | S9: -- | T9: -- | U9: -- | V9: -- | W9: -- | X9: -- | Y9: -- | Z9: -- | AA9: -- | AB9: -- | AC9: -- | AD9: -- | AE9: -- | AF9: -- | AG9: -- | AH9: -- | AI9: -- | AJ9: -- | AK9: -- | AL9: -- | AM9: -- | AN9: -- | AO9: -- | AP9: -- | AQ9: -- | AR9: -- | AS9: -- | AT9: -- | AU9: -- | AV9: -- | AW9: -- | AX9: -- | AY9: -- | AZ9: -- | BA9: -- | BB9: -- | BC9: -- | BD9: -- | BE9: -- | BF9: -- | BG9: -- | BH9: --
C10: {=$B11*100+C$5:BH$5} -> 2801 | D10: 2802 | E10: 2803 | F10: 2804 | G10: 2805 | H10: 2806 | I10: 2807 | J10: 2808 | K10: 2809 | L10: 2810 | M10: 2811 | N10: 2812 | O10: 2813 | P10: 2814 | Q10: 2815 | R10: 2816 | S10: 2817 | T10: 2818 | U10: 2819 | V10: 2820 | W10: 2821 | X10: 2822 | Y10: 2823 | Z10: 2824 | AA10: 2825 | AB10: 2826 | AC10: 2827 | AD10: 2828 | AE10: 2829 | AF10: 2830 | AG10: 2831 | AH10: 2832 | AI10: 2833 | AJ10: 2834 | AK10: 2835 | AL10: 2836 | AM10: 2837 | AN10: 2838 | AO10: 2839 | AP10: 2840 | AQ10: 2841 | AR10: 2842 | AS10: 2843 | AT10: 2844 | AU10: 2845 | AV10: 2846 | AW10: 2847 | AX10: 2848 | AY10: 2849 | AZ10: 2850 | BA10: 2851 | BB10: 2852 | BC10: 2853 | BD10: 2854 | BE10: 2855 | BF10: 2856 | BG10: 2857 | BH10: 2858 | BJ10: =B11&"th FLOOR" -> 28th FLOOR
B11: 28 | C11: {=_xlfn.XLOOKUP(C10:BH10,'[1]111W_BUILDING MATRIX'!$B$8:$B$600,'[1]111W_BUILDING MATRIX'!$E$8:$E$600,"--")} -> -- | D11: -- | E11: -- | F11: -- | G11: -- | H11: -- | I11: -- | J11: -- | K11: -- | L11: -- | M11: -- | N11: -- | O11: -- | P11: -- | Q11: -- | R11: -- | S11: -- | T11: -- | U11: -- | V11: -- | W11: -- | X11: -- | Y11: -- | Z11: -- | AA11: -- | AB11: -- | AC11: -- | AD11: -- | AE11: -- | AF11: -- | AG11: -- | AH11: -- | AI11: -- | AJ11: -- | AK11: -- | AL11: -- | AM11: -- | AN11: -- | AO11: -- | AP11: -- | AQ11: -- | AR11: -- | AS11: -- | AT11: -- | AU11: -- | AV11: -- | AW11: -- | AX11: -- | AY11: -- | AZ11: -- | BA11: -- | BB11: -- | BC11: -- | BD11: -- | BE11: -- | BF11: -- | BG11: -- | BH11: -- | BJ11: =COUNTIF(C12:BH12, "D") -> 0 | BK11: KITCHENS DELIVERED out of | BN11: =COUNTIF(C12:BH12,"<>--") -> 0 | BO11: =BJ11/BN11 -> #DIV/0!
C12: {=_xlfn.XLOOKUP(C10:BH10,'[1]111W_BUILDING MATRIX'!$B$8:$B$600,'[1]111W_BUILDING MATRIX'!$H$8:$H$600,"--")} -> -- | D12: -- | E12: -- | F12: -- | G12: -- | H12: -- | I12: -- | J12: -- | K12: -- | L12: -- | M12: -- | N12: -- | O12: -- | P12: -- | Q12: -- | R12: -- | S12: -- | T12: -- | U12: -- | V12: -- | W12: -- | X12: -- | Y12: -- | Z12: -- | AA12: -- | AB12: -- | AC12: -- | AD12: -- | AE12: -- | AF12: -- | AG12: -- | AH12: -- | AI12: -- | AJ12: -- | AK12: -- | AL12: -- | AM12: -- | AN12: -- | AO12: -- | AP12: -- | AQ12: -- | AR12: -- | AS12: -- | AT12: -- | AU12: -- | AV12: -- | AW12: -- | AX12: -- | AY12: -- | AZ12: -- | BA12: -- | BB12: -- | BC12: -- | BD12: -- | BE12: -- | BF12: -- | BG12: -- | BH12: --
C13: {=$B14*100+C$5:BH$5} -> 2701 | D13: 2702 | E13: 2703 | F13: 2704 | G13: 2705 | H13: 2706 | I13: 2707 | J13: 2708 | K13: 2709 | L13: 2710 | M13: 2711 | N13: 2712 | O13: 2713 | P13: 2714 | Q13: 2715 | R13: 2716 | S13: 2717 | T13: 2718 | U13: 2719 | V13: 2720 | W13: 2721 | X13: 2722 | Y13: 2723 | Z13: 2724 | AA13: 2725 | AB13: 2726 | AC13: 2727 | AD13: 2728 | AE13: 2729 | AF13: 2730 | AG13: 2731 | AH13: 2732 | AI13: 2733 | AJ13: 2734 | AK13: 2735 | AL13: 2736 | AM13: 2737 | AN13: 2738 | AO13: 2739 | AP13: 2740 | AQ13: 2741 | AR13: 2742 | AS13: 2743 | AT13: 2744 | AU13: 2745 | AV13: 2746 | AW13: 2747 | AX13: 2748 | AY13: 2749 | AZ13: 2750 | BA13: 2751 | BB13: 2752 | BC13: 2753 | BD13: 2754 | BE13: 2755 | BF13: 2756 | BG13: 2757 | BH13: 2758 | BJ13: =B14&"th FLOOR" -> 27th FLOOR
B14: 27 | C14: {=_xlfn.XLOOKUP(C13:BH13,'[1]111W_BUILDING MATRIX'!$B$8:$B$600,'[1]111W_BUILDING MATRIX'!$E$8:$E$600,"--")} -> -- | D14: -- | E14: -- | F14: -- | G14: -- | H14: -- | I14: -- | J14: -- | K14: -- | L14: -- | M14: -- | N14: -- | O14: -- | P14: -- | Q14: -- | R14: -- | S14: -- | T14: -- | U14: -- | V14: -- | W14: -- | X14: -- | Y14: -- | Z14: -- | AA14: -- | AB14: -- | AC14: -- | AD14: -- | AE14: -- | AF14: -- | AG14: -- | AH14: -- | AI14: -- | AJ14: -- | AK14: -- | AL14: -- | AM14: -- | AN14: -- | AO14: -- | AP14: -- | AQ14: -- | AR14: -- | AS14: -- | AT14: -- | AU14: -- | AV14: -- | AW14: -- | AX14: -- | AY14: -- | AZ14: -- | BA14: -- | BB14: -- | BC14: -- | BD14: -- | BE14: -- | BF14: -- | BG14: -- | BH14: -- | BJ14: =COUNTIF(C15:BH15, "D") -> 0 | BK14: KITCHENS DELIVERED out of | BN14: =COUNTIF(C15:BH15,"<>--") -> 0 | BO14: =BJ14/BN14 -> #DIV/0!
C15: {=_xlfn.XLOOKUP(C13:BH13,'[1]111W_BUILDING MATRIX'!$B$8:$B$600,'[1]111W_BUILDING MATRIX'!$H$8:$H$600,"--")} -> -- | D15: -- | E15: -- | F15: -- | G15: -- | H15: -- | I15: -- | J15: -- | K15: -- | L15: -- | M15: -- | N15: -- | O15: -- | P15: -- | Q15: -- | R15: -- | S15: -- | T15: -- | U15: -- | V15: -- | W15: -- | X15: -- | Y15: -- | Z15: -- | AA15: -- | AB15: -- | AC15: -- | AD15: -- | AE15: -- | AF15: -- | AG15: -- | AH15: -- | AI15: -- | AJ15: -- | AK15: -- | AL15: -- | AM15: -- | AN15: -- | AO15: -- | AP15: -- | AQ15: -- | AR15: -- | AS15: -- | AT15: -- | AU15: -- | AV15: -- | AW15: -- | AX15: -- | AY15: -- | AZ15: -- | BA15: -- | BB15: -- | BC15: -- | BD15: -- | BE15: -- | BF15: -- | BG15: -- | BH15: --
C16: {=$B17*100+C$5:BH$5} -> 2601 | D16: 2602 | E16: 2603 | F16: 2604 | G16: 2605 | H16: 2606 | I16: 2607 | J16: 2608 | K16: 2609 | L16: 2610 | M16: 2611 | N16: 2612 | O16: 2613 | P16: 2614 | Q16: 2615 | R16: 2616 | S16: 2617 | T16: 2618 | U16: 2619 | V16: 2620 | W16: 2621 | X16: 2622 | Y16: 2623 | Z16: 2624 | AA16: 2625 | AB16: 2626 | AC16: 2627 | AD16: 2628 | AE16: 2629 | AF16: 2630 | AG16: 2631 | AH16: 2632 | AI16: 2633 | AJ16: 2634 | AK16: 2635 | AL16: 2636 | AM16: 2637 | AN16: 2638 | AO16: 2639 | AP16: 2640 | AQ16: 2641 | AR16: 2642 | AS16: 2643 | AT16: 2644 | AU16: 2645 | AV16: 2646 | AW16: 2647 | AX16: 2648 | AY16: 2649 | AZ16: 2650 | BA16: 2651 | BB16: 2652 | BC16: 2653 | BD16: 2654 | BE16: 2655 | BF16: 2656 | BG16: 2657 | BH16: 2658 | BJ16: =B17&"th FLOOR" -> 26th FLOOR
B17: 26 | C17: {=_xlfn.XLOOKUP(C16:BH16,'[1]111W_BUILDING MATRIX'!$B$8:$B$600,'[1]111W_BUILDING MATRIX'!$E$8:$E$600,"--")} -> -- | D17: -- | E17: -- | F17: -- | G17: -- | H17: -- | I17: -- | J17: -- | K17: -- | L17: -- | M17: -- | N17: -- | O17: -- | P17: -- | Q17: -- | R17: -- | S17: -- | T17: -- | U17: -- | V17: -- | W17: -- | X17: -- | Y17: -- | Z17: -- | AA17: -- | AB17: -- | AC17: -- | AD17: -- | AE17: -- | AF17: -- | AG17: -- | AH17: -- | AI17: -- | AJ17: -- | AK17: -- | AL17: -- | AM17: -- | AN17: -- | AO17: -- | AP17: -- | AQ17: -- | AR17: -- | AS17: -- | AT17: -- | AU17: -- | AV17: -- | AW17: -- | AX17: -- | AY17: -- | AZ17: -- | BA17: -- | BB17: -- | BC17: -- | BD17: -- | BE17: -- | BF17: -- | BG17: -- | BH17: -- | BJ17: =COUNTIF(C18:BH18, "D") -> 0 | BK17: KITCHENS DELIVERED out of | BN17: =COUNTIF(C18:BH18,"<>--") -> 0 | BO17: =BJ17/BN17 -> #DIV/0!
C18: {=_xlfn.XLOOKUP(C16:BH16,'[1]111W_BUILDING MATRIX'!$B$8:$B$600,'[1]111W_BUILDING MATRIX'!$H$8:$H$600,"--")} -> -- | D18: -- | E18: -- | F18: -- | G18: -- | H18: -- | I18: -- | J18: -- | K18: -- | L18: -- | M18: -- | N18: -- | O18: -- | P18: -- | Q18: -- | R18: -- | S18: -- | T18: -- | U18: -- | V18: -- | W18: -- | X18: -- | Y18: -- | Z18: -- | AA18: -- | AB18: -- | AC18: -- | AD18: -- | AE18: -- | AF18: -- | AG18: -- | AH18: -- | AI18: -- | AJ18: -- | AK18: -- | AL18: -- | AM18: -- | AN18: -- | AO18: -- | AP18: -- | AQ18: -- | AR18: -- | AS18: -- | AT18: -- | AU18: -- | AV18: -- | AW18: -- | AX18: -- | AY18: -- | AZ18: -- | BA18: -- | BB18: -- | BC18: -- | BD18: -- | BE18: -- | BF18: -- | BG18: -- | BH18: --
C19: {=$B20*100+C$5:BH$5} -> 2501 | D19: 2502 | E19: 2503 | F19: 2504 | G19: 2505 | H19: 2506 | I19: 2507 | J19: 2508 | K19: 2509 | L19: 2510 | M19: 2511 | N19: 2512 | O19: 2513 | P19: 2514 | Q19: 2515 | R19: 2516 | S19: 2517 | T19: 2518 | U19: 2519 | V19: 2520 | W19: 2521 | X19: 2522 | Y19: 2523 | Z19: 2524 | AA19: 2525 | AB19: 2526 | AC19: 2527 | AD19: 2528 | AE19: 2529 | AF19: 2530 | AG19: 2531 | AH19: 2532 | AI19: 2533 | AJ19: 2534 | AK19: 2535 | AL19: 2536 | AM19: 2537 | AN19: 2538 | AO19: 2539 | AP19: 2540 | AQ19: 2541 | AR19: 2542 | AS19: 2543 | AT19: 2544 | AU19: 2545 | AV19: 2546 | AW19: 2547 | AX19: 2548 | AY19: 2549 | AZ19: 2550 | BA19: 2551 | BB19: 2552 | BC19: 2553 | BD19: 2554 | BE19: 2555 | BF19: 2556 | BG19: 2557 | BH19: 2558 | BJ19: =B20&"th FLOOR" -> 25th FLOOR
B20: 25 | C20: {=_xlfn.XLOOKUP(C19:BH19,'[1]111W_BUILDING MATRIX'!$B$8:$B$600,'[1]111W_BUILDING MATRIX'!$E$8:$E$600,"--")} -> -- | D20: -- | E20: -- | F20: -- | G20: -- | H20: -- | I20: -- | J20: -- | K20: -- | L20: -- | M20: -- | N20: -- | O20: -- | P20: -- | Q20: -- | R20: -- | S20: -- | T20: -- | U20: -- | V20: -- | W20: -- | X20: -- | Y20: -- | Z20: -- | AA20: -- | AB20: -- | AC20: -- | AD20: -- | AE20: -- | AF20: -- | AG20: -- | AH20: -- | AI20: -- | AJ20: -- | AK20: -- | AL20: -- | AM20: -- | AN20: -- | AO20: -- | AP20: -- | AQ20: -- | AR20: -- | AS20: -- | AT20: -- | AU20: -- | AV20: -- | AW20: -- | AX20: -- | AY20: -- | AZ20: -- | BA20: -- | BB20: -- | BC20: -- | BD20: -- | BE20: -- | BF20: -- | BG20: -- | BH20: -- | BJ20: =COUNTIF(C21:BH21, "D") -> 0 | BK20: KITCHENS DELIVERED out of | BN20: =COUNTIF(C21:BH21,"<>--") -> 0 | BO20: =BJ20/BN20 -> #DIV/0!
C21: {=_xlfn.XLOOKUP(C19:BH19,'[1]111W_BUILDING MATRIX'!$B$8:$B$600,'[1]111W_BUILDING MATRIX'!$H$8:$H$600,"--")} -> -- | D21: -- | E21: -- | F21: -- | G21: -- | H21: -- | I21: -- | J21: -- | K21: -- | L21: -- | M21: -- | N21: -- | O21: -- | P21: -- | Q21: -- | R21: -- | S21: -- | T21: -- | U21: -- | V21: -- | W21: -- | X21: -- | Y21: -- | Z21: -- | AA21: -- | AB21: -- | AC21: -- | AD21: -- | AE21: -- | AF21: -- | AG21: -- | AH21: -- | AI21: -- | AJ21: -- | AK21: -- | AL21: -- | AM21: -- | AN21: -- | AO21: -- | AP21: -- | AQ21: -- | AR21: -- | AS21: -- | AT21: -- | AU21: -- | AV21: -- | AW21: -- | AX21: -- | AY21: -- | AZ21: -- | BA21: -- | BB21: -- | BC21: -- | BD21: -- | BE21: -- | BF21: -- | BG21: -- | BH21: --
C22: {=$B23*100+C$5:BH$5} -> 2401 | D22: 2402 | E22: 2403 | F22: 2404 | G22: 2405 | H22: 2406 | I22: 2407 | J22: 2408 | K22: 2409 | L22: 2410 | M22: 2411 | N22: 2412 | O22: 2413 | P22: 2414 | Q22: 2415 | R22: 2416 | S22: 2417 | T22: 2418 | U22: 2419 | V22: 2420 | W22: 2421 | X22: 2422 | Y22: 2423 | Z22: 2424 | AA22: 2425 | AB22: 2426 | AC22: 2427 | AD22: 2428 | AE22: 2429 | AF22: 2430 | AG22: 2431 | AH22: 2432 | AI22: 2433 | AJ22: 2434 | AK22: 2435 | AL22: 2436 | AM22: 2437 | AN22: 2438 | AO22: 2439 | AP22: 2440 | AQ22: 2441 | AR22: 2442 | AS22: 2443 | AT22: 2444 | AU22: 2445 | AV22: 2446 | AW22: 2447 | AX22: 2448 | AY22: 2449 | AZ22: 2450 | BA22: 2451 | BB22: 2452 | BC22: 2453 | BD22: 2454 | BE22: 2455 | BF22: 2456 | BG22: 2457 | BH22: 2458 | BJ22: =B23&"th FLOOR" -> 24th FLOOR
B23: 24 | C23: {=_xlfn.XLOOKUP(C22:BH22,'[1]111W_BUILDING MATRIX'!$B$8:$B$600,'[1]111W_BUILDING MATRIX'!$E$8:$E$600,"--")} -> -- | D23: -- | E23: -- | F23: -- | G23: -- | H23: -- | I23: -- | J23: -- | K23: -- | L23: -- | M23: -- | N23: -- | O23: -- | P23: -- | Q23: -- | R23: -- | S23: -- | T23: -- | U23: -- | V23: -- | W23: -- | X23: -- | Y23: -- | Z23: -- | AA23: -- | AB23: -- | AC23: -- | AD23: -- | AE23: -- | AF23: -- | AG23: -- | AH23: -- | AI23: -- | AJ23: -- | AK23: -- | AL23: -- | AM23: -- | AN23: -- | AO23: -- | AP23: -- | AQ23: -- | AR23: -- | AS23: -- | AT23: -- | AU23: -- | AV23: -- | AW23: -- | AX23: -- | AY23: -- | AZ23: -- | BA23: -- | BB23: -- | BC23: -- | BD23: -- | BE23: -- | BF23: -- | BG23: -- | BH23: -- | BJ23: =COUNTIF(C24:BH24, "D") -> 0 | BK23: KITCHENS DELIVERED out of | BN23: =COUNTIF(C24:BH24,"<>--") -> 0 | BO23: =BJ23/BN23 -> #DIV/0!
C24: {=_xlfn.XLOOKUP(C22:BH22,'[1]111W_BUILDING MATRIX'!$B$8:$B$600,'[1]111W_BUILDING MATRIX'!$H$8:$H$600,"--")} -> -- | D24: -- | E24: -- | F24: -- | G24: -- | H24: -- | I24: -- | J24: -- | K24: -- | L24: -- | M24: -- | N24: -- | O24: -- | P24: -- | Q24: -- | R24: -- | S24: -- | T24: -- | U24: -- | V24: -- | W24: -- | X24: -- | Y24: -- | Z24: -- | AA24: -- | AB24: -- | AC24: -- | AD24: -- | AE24: -- | AF24: -- | AG24: -- | AH24: -- | AI24: -- | AJ24: -- | AK24: -- | AL24: -- | AM24: -- | AN24: -- | AO24: -- | AP24: -- | AQ24: -- | AR24: -- | AS24: -- | AT24: -- | AU24: -- | AV24: -- | AW24: -- | AX24: -- | AY24: -- | AZ24: -- | BA24: -- | BB24: -- | BC24: -- | BD24: -- | BE24: -- | BF24: -- | BG24: -- | BH24: --
C25: {=$B26*100+C$5:BH$5} -> 2301 | D25: 2302 | E25: 2303 | F25: 2304 | G25: 2305 | H25: 2306 | I25: 2307 | J25: 2308 | K25: 2309 | L25: 2310 | M25: 2311 | N25: 2312 | O25: 2313 | P25: 2314 | Q25: 2315 | R25: 2316 | S25: 2317 | T25: 2318 | U25: 2319 | V25: 2320 | W25: 2321 | X25: 2322 | Y25: 2323 | Z25: 2324 | AA25: 2325 | AB25: 2326 | AC25: 2327 | AD25: 2328 | AE25: 2329 | AF25: 2330 | AG25: 2331 | AH25: 2332 | AI25: 2333 | AJ25: 2334 | AK25: 2335 | AL25: 2336 | AM25: 2337 | AN25: 2338 | AO25: 2339 | AP25: 2340 | AQ25: 2341 | AR25: 2342 | AS25: 2343 | AT25: 2344 | AU25: 2345 | AV25: 2346 | AW25: 2347 | AX25: 2348 | AY25: 2349 | AZ25: 2350 | BA25: 2351 | BB25: 2352 | BC25: 2353 | BD25: 2354 | BE25: 2355 | BF25: 2356 | BG25: 2357 | BH25: 2358 | BJ25: =B26&"rd FLOOR" -> 23rd FLOOR
B26: 23 | C26: {=_xlfn.XLOOKUP(C25:BH25,'[1]111W_BUILDING MATRIX'!$B$8:$B$600,'[1]111W_BUILDING MATRIX'!$E$8:$E$600,"--")} -> -- | D26: -- | E26: -- | F26: -- | G26: -- | H26: -- | I26: -- | J26: -- | K26: -- | L26: -- | M26: -- | N26: -- | O26: -- | P26: -- | Q26: -- | R26: -- | S26: -- | T26: -- | U26: -- | V26: -- | W26: -- | X26: -- | Y26: -- | Z26: -- | AA26: -- | AB26: -- | AC26: -- | AD26: -- | AE26: -- | AF26: -- | AG26: -- | AH26: -- | AI26: -- | AJ26: -- | AK26: -- | AL26: -- | AM26: -- | AN26: -- | AO26: -- | AP26: -- | AQ26: -- | AR26: -- | AS26: -- | AT26: -- | AU26: -- | AV26: -- | AW26: -- | AX26: -- | AY26: -- | AZ26: -- | BA26: -- | BB26: -- | BC26: -- | BD26: -- | BE26: -- | BF26: -- | BG26: -- | BH26: -- | BJ26: =COUNTIF(C27:BH27, "D") -> 0 | BK26: KITCHENS DELIVERED out of | BN26: =COUNTIF(C27:BH27,"<>--") -> 0 | BO26: =BJ26/BN26 -> #DIV/0!
C27: {=_xlfn.XLOOKUP(C25:BH25,'[1]111W_BUILDING MATRIX'!$B$8:$B$600,'[1]111W_BUILDING MATRIX'!$H$8:$H$600,"--")} -> -- | D27: -- | E27: -- | F27: -- | G27: -- | H27: -- | I27: -- | J27: -- | K27: -- | L27: -- | M27: -- | N27: -- | O27: -- | P27: -- | Q27: -- | R27: -- | S27: -- | T27: -- | U27: -- | V27: -- | W27: -- | X27: -- | Y27: -- | Z27: -- | AA27: -- | AB27: -- | AC27: -- | AD27: -- | AE27: -- | AF27: -- | AG27: -- | AH27: -- | AI27: -- | AJ27: -- | AK27: -- | AL27: -- | AM27: -- | AN27: -- | AO27: -- | AP27: -- | AQ27: -- | AR27: -- | AS27: -- | AT27: -- | AU27: -- | AV27: -- | AW27: -- | AX27: -- | AY27: -- | AZ27: -- | BA27: -- | BB27: -- | BC27: -- | BD27: -- | BE27: -- | BF27: -- | BG27: -- | BH27: --
C28: {=$B29*100+C$5:BH$5} -> 2201 | D28: 2202 | E28: 2203 | F28: 2204 | G28: 2205 | H28: 2206 | I28: 2207 | J28: 2208 | K28: 2209 | L28: 2210 | M28: 2211 | N28: 2212 | O28: 2213 | P28: 2214 | Q28: 2215 | R28: 2216 | S28: 2217 | T28: 2218 | U28: 2219 | V28: 2220 | W28: 2221 | X28: 2222 | Y28: 2223 | Z28: 2224 | AA28: 2225 | AB28: 2226 | AC28: 2227 | AD28: 2228 | AE28: 2229 | AF28: 2230 | AG28: 2231 | AH28: 2232 | AI28: 2233 | AJ28: 2234 | AK28: 2235 | AL28: 2236 | AM28: 2237 | AN28: 2238 | AO28: 2239 | AP28: 2240 | AQ28: 2241 | AR28: 2242 | AS28: 2243 | AT28: 2244 | AU28: 2245 | AV28: 2246 | AW28: 2247 | AX28: 2248 | AY28: 2249 | AZ28: 2250 | BA28: 2251 | BB28: 2252 | BC28: 2253 | BD28: 2254 | BE28: 2255 | BF28: 2256 | BG28: 2257 | BH28: 2258 | BJ28: =B29&"nd FLOOR" -> 22nd FLOOR
B29: 22 | C29: {=_xlfn.XLOOKUP(C28:BH28,'[1]111W_BUILDING MATRIX'!$B$8:$B$600,'[1]111W_BUILDING MATRIX'!$E$8:$E$600,"--")} -> -- | D29: -- | E29: -- | F29: -- | G29: -- | H29: -- | I29: -- | J29: -- | K29: -- | L29: -- | M29: -- | N29: -- | O29: -- | P29: -- | Q29: -- | R29: -- | S29: -- | T29: -- | U29: -- | V29: -- | W29: -- | X29: -- | Y29: -- | Z29: -- | AA29: -- | AB29: -- | AC29: -- | AD29: -- | AE29: -- | AF29: -- | AG29: -- | AH29: -- | AI29: -- | AJ29: -- | AK29: -- | AL29: -- | AM29: -- | AN29: -- | AO29: -- | AP29: -- | AQ29: -- | AR29: -- | AS29: -- | AT29: -- | AU29: -- | AV29: -- | AW29: -- | AX29: -- | AY29: -- | AZ29: -- | BA29: -- | BB29: -- | BC29: -- | BD29: -- | BE29: -- | BF29: -- | BG29: -- | BH29: -- | BJ29: =COUNTIF(C30:BH30, "D") -> 0 | BK29: KITCHENS DELIVERED out of | BN29: =COUNTIF(C30:BH30,"<>--") -> 0 | BO29: =BJ29/BN29 -> #DIV/0!
C30: {=_xlfn.XLOOKUP(C28:BH28,'[1]111W_BUILDING MATRIX'!$B$8:$B$600,'[1]111W_BUILDING MATRIX'!$H$8:$H$600,"--")} -> -- | D30: -- | E30: -- | F30: -- | G30: -- | H30: -- | I30: -- | J30: -- | K30: -- | L30: -- | M30: -- | N30: -- | O30: -- | P30: -- | Q30: -- | R30: -- | S30: -- | T30: -- | U30: -- | V30: -- | W30: -- | X30: -- | Y30: -- | Z30: -- | AA30: -- | AB30: -- | AC30: -- | AD30: -- | AE30: -- | AF30: -- | AG30: -- | AH30: -- | AI30: -- | AJ30: -- | AK30: -- | AL30: -- | AM30: -- | AN30: -- | AO30: -- | AP30: -- | AQ30: -- | AR30: -- | AS30: -- | AT30: -- | AU30: -- | AV30: -- | AW30: -- | AX30: -- | AY30: -- | AZ30: -- | BA30: -- | BB30: -- | BC30: -- | BD30: -- | BE30: -- | BF30: -- | BG30: -- | BH30: --
C31: {=$B32*100+C$5:BH$5} -> 2101 | D31: 2102 | E31: 2103 | F31: 2104 | G31: 2105 | H31: 2106 | I31: 2107 | J31: 2108 | K31: 2109 | L31: 2110 | M31: 2111 | N31: 2112 | O31: 2113 | P31: 2114 | Q31: 2115 | R31: 2116 | S31: 2117 | T31: 2118 | U31: 2119 | V31: 2120 | W31: 2121 | X31: 2122 | Y31: 2123 | Z31: 2124 | AA31: 2125 | AB31: 2126 | AC31: 2127 | AD31: 2128 | AE31: 2129 | AF31: 2130 | AG31: 2131 | AH31: 2132 | AI31: 2133 | AJ31: 2134 | AK31: 2135 | AL31: 2136 | AM31: 2137 | AN31: 2138 | AO31: 2139 | AP31: 2140 | AQ31: 2141 | AR31: 2142 | AS31: 2143 | AT31: 2144 | AU31: 2145 | AV31: 2146 | AW31: 2147 | AX31: 2148 | AY31: 2149 | AZ31: 2150 | BA31: 2151 | BB31: 2152 | BC31: 2153 | BD31: 2154 | BE31: 2155 | BF31: 2156 | BG31: 2157 | BH31: 2158 | BJ31: =B32&"st FLOOR" -> 21st FLOOR
B32: 21 | C32: {=_xlfn.XLOOKUP(C31:BH31,'[1]111W_BUILDING MATRIX'!$B$8:$B$600,'[1]111W_BUILDING MATRIX'!$E$8:$E$600,"--")} -> -- | D32: -- | E32: -- | F32: -- | G32: -- | H32: -- | I32: -- | J32: -- | K32: -- | L32: -- | M32: -- | N32: -- | O32: -- | P32: -- | Q32: -- | R32: -- | S32: -- | T32: -- | U32: -- | V32: -- | W32: -- | X32: -- | Y32: -- | Z32: -- | AA32: -- | AB32: -- | AC32: -- | AD32: -- | AE32: -- | AF32: -- | AG32: -- | AH32: -- | AI32: -- | AJ32: -- | AK32: -- | AL32: -- | AM32: -- | AN32: -- | AO32: -- | AP32: -- | AQ32: -- | AR32: -- | AS32: -- | AT32: -- | AU32: -- | AV32: -- | AW32: -- | AX32: -- | AY32: -- | AZ32: -- | BA32: -- | BB32: -- | BC32: -- | BD32: -- | BE32: -- | BF32: -- | BG32: -- | BH32: -- | BJ32: =COUNTIF(C33:BH33, "D") -> 0 | BK32: KITCHENS DELIVERED out of | BN32: =COUNTIF(C33:BH33,"<>--") -> 0 | BO32: =BJ32/BN32 -> #DIV/0!
C33: {=_xlfn.XLOOKUP(C31:BH31,'[1]111W_BUILDING MATRIX'!$B$8:$B$600,'[1]111W_BUILDING MATRIX'!$H$8:$H$600,"--")} -> -- | D33: -- | E33: -- | F33: -- | G33: -- | H33: -- | I33: -- | J33: -- | K33: -- | L33: -- | M33: -- | N33: -- | O33: -- | P33: -- | Q33: -- | R33: -- | S33: -- | T33: -- | U33: -- | V33: -- | W33: -- | X33: -- | Y33: -- | Z33: -- | AA33: -- | AB33: -- | AC33: -- | AD33: -- | AE33: -- | AF33: -- | AG33: -- | AH33: -- | AI33: -- | AJ33: -- | AK33: -- | AL33: -- | AM33: -- | AN33: -- | AO33: -- | AP33: -- | AQ33: -- | AR33: -- | AS33: -- | AT33: -- | AU33: -- | AV33: -- | AW33: -- | AX33: -- | AY33: -- | AZ33: -- | BA33: -- | BB33: -- | BC33: -- | BD33: -- | BE33: -- | BF33: -- | BG33: -- | BH33: --
C34: {=$B35*100+C$5:BH$5} -> 2001 | D34: 2002 | E34: 2003 | F34: 2004 | G34: 2005 | H34: 2006 | I34: 2007 | J34: 2008 | K34: 2009 | L34: 2010 | M34: 2011 | N34: 2012 | O34: 2013 | P34: 2014 | Q34: 2015 | R34: 2016 | S34: 2017 | T34: 2018 | U34: 2019 | V34: 2020 | W34: 2021 | X34: 2022 | Y34: 2023 | Z34: 2024 | AA34: 2025 | AB34: 2026 | AC34: 2027 | AD34: 2028 | AE34: 2029 | AF34: 2030 | AG34: 2031 | AH34: 2032 | AI34: 2033 | AJ34: 2034 | AK34: 2035 | AL34: 2036 | AM34: 2037 | AN34: 2038 | AO34: 2039 | AP34: 2040 | AQ34: 2041 | AR34: 2042 | AS34: 2043 | AT34: 2044 | AU34: 2045 | AV34: 2046 | AW34: 2047 | AX34: 2048 | AY34: 2049 | AZ34: 2050 | BA34: 2051 | BB34: 2052 | BC34: 2053 | BD34: 2054 | BE34: 2055 | BF34: 2056 | BG34: 2057 | BH34: 2058 | BJ34: =B35&"th FLOOR" -> 20th FLOOR
B35: 20 | C35: {=_xlfn.XLOOKUP(C34:BH34,'[1]111W_BUILDING MATRIX'!$B$8:$B$600,'[1]111W_BUILDING MATRIX'!$E$8:$E$600,"--")} -> -- | D35: -- | E35: -- | F35: -- | G35: -- | H35: -- | I35: -- | J35: -- | K35: -- | L35: -- | M35: -- | N35: -- | O35: -- | P35: -- | Q35: -- | R35: -- | S35: -- | T35: -- | U35: -- | V35: -- | W35: -- | X35: -- | Y35: -- | Z35: -- | AA35: -- | AB35: -- | AC35: -- | AD35: -- | AE35: -- | AF35: -- | AG35: -- | AH35: -- | AI35: -- | AJ35: -- | AK35: -- | AL35: -- | AM35: -- | AN35: -- | AO35: -- | AP35: -- | AQ35: -- | AR35: -- | AS35: -- | AT35: -- | AU35: -- | AV35: -- | AW35: -- | AX35: -- | AY35: -- | AZ35: -- | BA35: -- | BB35: -- | BC35: -- | BD35: -- | BE35: -- | BF35: -- | BG35: -- | BH35: -- | BJ35: =COUNTIF(C36:BH36, "D") -> 0 | BK35: KITCHENS DELIVERED out of | BN35: =COUNTIF(C36:BH36,"<>--") -> 0 | BO35: =BJ35/BN35 -> #DIV/0!
C36: {=_xlfn.XLOOKUP(C34:BH34,'[1]111W_BUILDING MATRIX'!$B$8:$B$600,'[1]111W_BUILDING MATRIX'!$H$8:$H$600,"--")} -> -- | D36: -- | E36: -- | F36: -- | G36: -- | H36: -- | I36: -- | J36: -- | K36: -- | L36: -- | M36: -- | N36: -- | O36: -- | P36: -- | Q36: -- | R36: -- | S36: -- | T36: -- | U36: -- | V36: -- | W36: -- | X36: -- | Y36: -- | Z36: -- | AA36: -- | AB36: -- | AC36: -- | AD36: -- | AE36: -- | AF36: -- | AG36: -- | AH36: -- | AI36: -- | AJ36: -- | AK36: -- | AL36: -- | AM36: -- | AN36: -- | AO36: -- | AP36: -- | AQ36: -- | AR36: -- | AS36: -- | AT36: -- | AU36: -- | AV36: -- | AW36: -- | AX36: -- | AY36: -- | AZ36: -- | BA36: -- | BB36: -- | BC36: -- | BD36: -- | BE36: -- | BF36: -- | BG36: -- | BH36: --
C37: {=$B38*100+C$5:BH$5} -> 1901 | D37: 1902 | E37: 1903 | F37: 1904 | G37: 1905 | H37: 1906 | I37: 1907 | J37: 1908 | K37: 1909 | L37: 1910 | M37: 1911 | N37: 1912 | O37: 1913 | P37: 1914 | Q37: 1915 | R37: 1916 | S37: 1917 | T37: 1918 | U37: 1919 | V37: 1920 | W37: 1921 | X37: 1922 | Y37: 1923 | Z37: 1924 | AA37: 1925 | AB37: 1926 | AC37: 1927 | AD37: 1928 | AE37: 1929 | AF37: 1930 | AG37: 1931 | AH37: 1932 | AI37: 1933 | AJ37: 1934 | AK37: 1935 | AL37: 1936 | AM37: 1937 | AN37: 1938 | AO37: 1939 | AP37: 1940 | AQ37: 1941 | AR37: 1942 | AS37: 1943 | AT37: 1944 | AU37: 1945 | AV37: 1946 | AW37: 1947 | AX37: 1948 | AY37: 1949 | AZ37: 1950 | BA37: 1951 | BB37: 1952 | BC37: 1953 | BD37: 1954 | BE37: 1955 | BF37: 1956 | BG37: 1957 | BH37: 1958 | BJ37: =B38&"th FLOOR" -> 19th FLOOR
B38: 19 | C38: {=_xlfn.XLOOKUP(C37:BH37,'[1]111W_BUILDING MATRIX'!$B$8:$B$600,'[1]111W_BUILDING MATRIX'!$E$8:$E$600,"--")} -> -- | D38: -- | E38: -- | F38: -- | G38: -- | H38: -- | I38: -- | J38: -- | K38: -- | L38: -- | M38: -- | N38: -- | O38: -- | P38: -- | Q38: -- | R38: -- | S38: -- | T38: -- | U38: -- | V38: -- | W38: -- | X38: -- | Y38: -- | Z38: -- | AA38: -- | AB38: -- | AC38: -- | AD38: -- | AE38: -- | AF38: -- | AG38: -- | AH38: -- | AI38: -- | AJ38: -- | AK38: -- | AL38: -- | AM38: -- | AN38: -- | AO38: -- | AP38: -- | AQ38: -- | AR38: -- | AS38: -- | AT38: -- | AU38: -- | AV38: -- | AW38: -- | AX38: -- | AY38: -- | AZ38: -- | BA38: -- | BB38: -- | BC38: -- | BD38: -- | BE38: -- | BF38: -- | BG38: -- | BH38: -- | BJ38: =COUNTIF(C39:BH39, "D") -> 0 | BK38: KITCHENS DELIVERED out of | BN38: =COUNTIF(C39:BH39,"<>--") -> 0 | BO38: =BJ38/BN38 -> #DIV/0!
C39: {=_xlfn.XLOOKUP(C37:BH37,'[1]111W_BUILDING MATRIX'!$B$8:$B$600,'[1]111W_BUILDING MATRIX'!$H$8:$H$600,"--")} -> -- | D39: -- | E39: -- | F39: -- | G39: -- | H39: -- | I39: -- | J39: -- | K39: -- | L39: -- | M39: -- | N39: -- | O39: -- | P39: -- | Q39: -- | R39: -- | S39: -- | T39: -- | U39: -- | V39: -- | W39: -- | X39: -- | Y39: -- | Z39: -- | AA39: -- | AB39: -- | AC39: -- | AD39: -- | AE39: -- | AF39: -- | AG39: -- | AH39: -- | AI39: -- | AJ39: -- | AK39: -- | AL39: -- | AM39: -- | AN39: -- | AO39: -- | AP39: -- | AQ39: -- | AR39: -- | AS39: -- | AT39: -- | AU39: -- | AV39: -- | AW39: -- | AX39: -- | AY39: -- | AZ39: -- | BA39: -- | BB39: -- | BC39: -- | BD39: -- | BE39: -- | BF39: -- | BG39: -- | BH39: --
C40: {=$B41*100+C$5:BH$5} -> 1801 | D40: 1802 | E40: 1803 | F40: 1804 | G40: 1805 | H40: 1806 | I40: 1807 | J40: 1808 | K40: 1809 | L40: 1810 | M40: 1811 | N40: 1812 | O40: 1813 | P40: 1814 | Q40: 1815 | R40: 1816 | S40: 1817 | T40: 1818 | U40: 1819 | V40: 1820 | W40: 1821 | X40: 1822 | Y40: 1823 | Z40: 1824 | AA40: 1825 | AB40: 1826 | AC40: 1827 | AD40: 1828 | AE40: 1829 | AF40: 1830 | AG40: 1831 | AH40: 1832 | AI40: 1833 | AJ40: 1834 | AK40: 1835 | AL40: 1836 | AM40: 1837 | AN40: 1838 | AO40: 1839 | AP40: 1840 | AQ40: 1841 | AR40: 1842 | AS40: 1843 | AT40: 1844 | AU40: 1845 | AV40: 1846 | AW40: 1847 | AX40: 1848 | AY40: 1849 | AZ40: 1850 | BA40: 1851 | BB40: 1852 | BC40: 1853 | BD40: 1854 | BE40: 1855 | BF40: 1856 | BG40: 1857 | BH40: 1858 | BJ40: =B41&"th FLOOR" -> 18th FLOOR
B41: 18 | C41: {=_xlfn.XLOOKUP(C40:BH40,'[1]111W_BUILDING MATRIX'!$B$8:$B$600,'[1]111W_BUILDING MATRIX'!$E$8:$E$600,"--")} -> -- | D41: -- | E41: -- | F41: -- | G41: -- | H41: -- | I41: -- | J41: -- | K41: -- | L41: -- | M41: -- | N41: -- | O41: -- | P41: -- | Q41: -- | R41: -- | S41: -- | T41: -- | U41: -- | V41: -- | W41: -- | X41: -- | Y41: -- | Z41: -- | AA41: -- | AB41: -- | AC41: -- | AD41: -- | AE41: -- | AF41: -- | AG41: -- | AH41: -- | AI41: -- | AJ41: -- | AK41: -- | AL41: -- | AM41: -- | AN41: -- | AO41: -- | AP41: -- | AQ41: -- | AR41: -- | AS41: -- | AT41: -- | AU41: -- | AV41: -- | AW41: -- | AX41: -- | AY41: -- | AZ41: -- | BA41: -- | BB41: -- | BC41: -- | BD41: -- | BE41: -- | BF41: -- | BG41: -- | BH41: -- | BJ41: =COUNTIF(C42:BH42, "D") -> 0 | BK41: KITCHENS DELIVERED out of | BN41: =COUNTIF(C42:BH42,"<>--") -> 0 | BO41: =BJ41/BN41 -> #DIV/0!
C42: {=_xlfn.XLOOKUP(C40:BH40,'[1]111W_BUILDING MATRIX'!$B$8:$B$600,'[1]111W_BUILDING MATRIX'!$H$8:$H$600,"--")} -> -- | D42: -- | E42: -- | F42: -- | G42: -- | H42: -- | I42: -- | J42: -- | K42: -- | L42: -- | M42: -- | N42: -- | O42: -- | P42: -- | Q42: -- | R42: -- | S42: -- | T42: -- | U42: -- | V42: -- | W42: -- | X42: -- | Y42: -- | Z42: -- | AA42: -- | AB42: -- | AC42: -- | AD42: -- | AE42: -- | AF42: -- | AG42: -- | AH42: -- | AI42: -- | AJ42: -- | AK42: -- | AL42: -- | AM42: -- | AN42: -- | AO42: -- | AP42: -- | AQ42: -- | AR42: -- | AS42: -- | AT42: -- | AU42: -- | AV42: -- | AW42: -- | AX42: -- | AY42: -- | AZ42: -- | BA42: -- | BB42: -- | BC42: -- | BD42: -- | BE42: -- | BF42: -- | BG42: -- | BH42: --
C43: {=$B44*100+C$5:BH$5} -> 1701 | D43: 1702 | E43: 1703 | F43: 1704 | G43: 1705 | H43: 1706 | I43: 1707 | J43: 1708 | K43: 1709 | L43: 1710 | M43: 1711 | N43: 1712 | O43: 1713 | P43: 1714 | Q43: 1715 | R43: 1716 | S43: 1717 | T43: 1718 | U43: 1719 | V43: 1720 | W43: 1721 | X43: 1722 | Y43: 1723 | Z43: 1724 | AA43: 1725 | AB43: 1726 | AC43: 1727 | AD43: 1728 | AE43: 1729 | AF43: 1730 | AG43: 1731 | AH43: 1732 | AI43: 1733 | AJ43: 1734 | AK43: 1735 | AL43: 1736 | AM43: 1737 | AN43: 1738 | AO43: 1739 | AP43: 1740 | AQ43: 1741 | AR43: 1742 | AS43: 1743 | AT43: 1744 | AU43: 1745 | AV43: 1746 | AW43: 1747 | AX43: 1748 | AY43: 1749 | AZ43: 1750 | BA43: 1751 | BB43: 1752 | BC43: 1753 | BD43: 1754 | BE43: 1755 | BF43: 1756 | BG43: 1757 | BH43: 1758 | BJ43: =B44&"th FLOOR" -> 17th FLOOR
B44: 17 | C44: {=_xlfn.XLOOKUP(C43:BH43,'[1]111W_BUILDING MATRIX'!$B$8:$B$600,'[1]111W_BUILDING MATRIX'!$E$8:$E$600,"--")} -> -- | D44: -- | E44: -- | F44: -- | G44: -- | H44: -- | I44: -- | J44: -- | K44: -- | L44: -- | M44: -- | N44: -- | O44: -- | P44: -- | Q44: -- | R44: -- | S44: -- | T44: -- | U44: -- | V44: -- | W44: -- | X44: -- | Y44: -- | Z44: -- | AA44: -- | AB44: -- | AC44: -- | AD44: -- | AE44: -- | AF44: -- | AG44: -- | AH44: -- | AI44: -- | AJ44: -- | AK44: -- | AL44: -- | AM44: -- | AN44: -- | AO44: -- | AP44: -- | AQ44: -- | AR44: -- | AS44: -- | AT44: -- | AU44: -- | AV44: -- | AW44: -- | AX44: -- | AY44: -- | AZ44: -- | BA44: -- | BB44: -- | BC44: -- | BD44: -- | BE44: -- | BF44: -- | BG44: -- | BH44: -- | BJ44: =COUNTIF(C45:BH45, "D") -> 0 | BK44: KITCHENS DELIVERED out of | BN44: =COUNTIF(C45:BH45,"<>--") -> 0 | BO44: =BJ44/BN44 -> #DIV/0!
C45: {=_xlfn.XLOOKUP(C43:BH43,'[1]111W_BUILDING MATRIX'!$B$8:$B$600,'[1]111W_BUILDING MATRIX'!$H$8:$H$600,"--")} -> -- | D45: -- | E45: -- | F45: -- | G45: -- | H45: -- | I45: -- | J45: -- | K45: -- | L45: -- | M45: -- | N45: -- | O45: -- | P45: -- | Q45: -- | R45: -- | S45: -- | T45: -- | U45: -- | V45: -- | W45: -- | X45: -- | Y45: -- | Z45: -- | AA45: -- | AB45: -- | AC45: -- | AD45: -- | AE45: -- | AF45: -- | AG45: -- | AH45: -- | AI45: -- | AJ45: -- | AK45: -- | AL45: -- | AM45: -- | AN45: -- | AO45: -- | AP45: -- | AQ45: -- | AR45: -- | AS45: -- | AT45: -- | AU45: -- | AV45: -- | AW45: -- | AX45: -- | AY45: -- | AZ45: -- | BA45: -- | BB45: -- | BC45: -- | BD45: -- | BE45: -- | BF45: -- | BG45: -- | BH45: --
C46: {=$B47*100+C$5:BH$5} -> 1601 | D46: 1602 | E46: 1603 | F46: 1604 | G46: 1605 | H46: 1606 | I46: 1607 | J46: 1608 | K46: 1609 | L46: 1610 | M46: 1611 | N46: 1612 | O46: 1613 | P46: 1614 | Q46: 1615 | R46: 1616 | S46: 1617 | T46: 1618 | U46: 1619 | V46: 1620 | W46: 1621 | X46: 1622 | Y46: 1623 | Z46: 1624 | AA46: 1625 | AB46: 1626 | AC46: 1627 | AD46: 1628 | AE46: 1629 | AF46: 1630 | AG46: 1631 | AH46: 1632 | AI46: 1633 | AJ46: 1634 | AK46: 1635 | AL46: 1636 | AM46: 1637 | AN46: 1638 | AO46: 1639 | AP46: 1640 | AQ46: 1641 | AR46: 1642 | AS46: 1643 | AT46: 1644 | AU46: 1645 | AV46: 1646 | AW46: 1647 | AX46: 1648 | AY46: 1649 | AZ46: 1650 | BA46: 1651 | BB46: 1652 | BC46: 1653 | BD46: 1654 | BE46: 1655 | BF46: 1656 | BG46: 1657 | BH46: 1658 | BJ46: =B47&"th FLOOR" -> 16th FLOOR
B47: 16 | C47: {=_xlfn.XLOOKUP(C46:BH46,'[1]111W_BUILDING MATRIX'!$B$8:$B$600,'[1]111W_BUILDING MATRIX'!$E$8:$E$600,"--")} -> -- | D47: -- | E47: -- | F47: -- | G47: -- | H47: -- | I47: -- | J47: -- | K47: -- | L47: -- | M47: -- | N47: -- | O47: -- | P47: -- | Q47: -- | R47: -- | S47: -- | T47: -- | U47: -- | V47: -- | W47: -- | X47: -- | Y47: -- | Z47: -- | AA47: -- | AB47: -- | AC47: -- | AD47: -- | AE47: -- | AF47: -- | AG47: -- | AH47: -- | AI47: -- | AJ47: -- | AK47: -- | AL47: -- | AM47: -- | AN47: -- | AO47: -- | AP47: -- | AQ47: -- | AR47: -- | AS47: -- | AT47: -- | AU47: -- | AV47: -- | AW47: -- | AX47: -- | AY47: -- | AZ47: -- | BA47: -- | BB47: -- | BC47: -- | BD47: -- | BE47: -- | BF47: -- | BG47: -- | BH47: -- | BJ47: =COUNTIF(C48:BH48, "D") -> 0 | BK47: KITCHENS DELIVERED out of | BN47: =COUNTIF(C48:BH48,"<>--") -> 0 | BO47: =BJ47/BN47 -> #DIV/0!
C48: {=_xlfn.XLOOKUP(C46:BH46,'[1]111W_BUILDING MATRIX'!$B$8:$B$600,'[1]111W_BUILDING MATRIX'!$H$8:$H$600,"--")} -> -- | D48: -- | E48: -- | F48: -- | G48: -- | H48: -- | I48: -- | J48: -- | K48: -- | L48: -- | M48: -- | N48: -- | O48: -- | P48: -- | Q48: -- | R48: -- | S48: -- | T48: -- | U48: -- | V48: -- | W48: -- | X48: -- | Y48: -- | Z48: -- | AA48: -- | AB48: -- | AC48: -- | AD48: -- | AE48: -- | AF48: -- | AG48: -- | AH48: -- | AI48: -- | AJ48: -- | AK48: -- | AL48: -- | AM48: -- | AN48: -- | AO48: -- | AP48: -- | AQ48: -- | AR48: -- | AS48: -- | AT48: -- | AU48: -- | AV48: -- | AW48: -- | AX48: -- | AY48: -- | AZ48: -- | BA48: -- | BB48: -- | BC48: -- | BD48: -- | BE48: -- | BF48: -- | BG48: -- | BH48: --
C49: {=$B50*100+C$5:BH$5} -> 1501 | D49: 1502 | E49: 1503 | F49: 1504 | G49: 1505 | H49: 1506 | I49: 1507 | J49: 1508 | K49: 1509 | L49: 1510 | M49: 1511 | N49: 1512 | O49: 1513 | P49: 1514 | Q49: 1515 | R49: 1516 | S49: 1517 | T49: 1518 | U49: 1519 | V49: 1520 | W49: 1521 | X49: 1522 | Y49: 1523 | Z49: 1524 | AA49: 1525 | AB49: 1526 | AC49: 1527 | AD49: 1528 | AE49: 1529 | AF49: 1530 | AG49: 1531 | AH49: 1532 | AI49: 1533 | AJ49: 1534 | AK49: 1535 | AL49: 1536 | AM49: 1537 | AN49: 1538 | AO49: 1539 | AP49: 1540 | AQ49: 1541 | AR49: 1542 | AS49: 1543 | AT49: 1544 | AU49: 1545 | AV49: 1546 | AW49: 1547 | AX49: 1548 | AY49: 1549 | AZ49: 1550 | BA49: 1551 | BB49: 1552 | BC49: 1553 | BD49: 1554 | BE49: 1555 | BF49: 1556 | BG49: 1557 | BH49: 1558 | BJ49: =B50&"th FLOOR" -> 15th FLOOR
B50: 15 | C50: {=_xlfn.XLOOKUP(C49:BH49,'[1]111W_BUILDING MATRIX'!$B$8:$B$600,'[1]111W_BUILDING MATRIX'!$E$8:$E$600,"--")} -> -- | D50: -- | E50: -- | F50: -- | G50: -- | H50: -- | I50: -- | J50: -- | K50: -- | L50: -- | M50: -- | N50: -- | O50: -- | P50: -- | Q50: -- | R50: -- | S50: -- | T50: -- | U50: -- | V50: -- | W50: -- | X50: -- | Y50: -- | Z50: -- | AA50: -- | AB50: -- | AC50: -- | AD50: -- | AE50: -- | AF50: -- | AG50: -- | AH50: -- | AI50: -- | AJ50: -- | AK50: -- | AL50: -- | AM50: -- | AN50: -- | AO50: -- | AP50: -- | AQ50: -- | AR50: -- | AS50: -- | AT50: -- | AU50: -- | AV50: -- | AW50: -- | AX50: -- | AY50: -- | AZ50: -- | BA50: -- | BB50: -- | BC50: -- | BD50: -- | BE50: -- | BF50: -- | BG50: -- | BH50: -- | BJ50: =COUNTIF(C51:BH51, "D") -> 0 | BK50: KITCHENS DELIVERED out of | BN50: =COUNTIF(C51:BH51,"<>--") -> 0 | BO50: =BJ50/BN50 -> #DIV/0!
C51: {=_xlfn.XLOOKUP(C49:BH49,'[1]111W_BUILDING MATRIX'!$B$8:$B$600,'[1]111W_BUILDING MATRIX'!$H$8:$H$600,"--")} -> -- | D51: -- | E51: -- | F51: -- | G51: -- | H51: -- | I51: -- | J51: -- | K51: -- | L51: -- | M51: -- | N51: -- | O51: -- | P51: -- | Q51: -- | R51: -- | S51: -- | T51: -- | U51: -- | V51: -- | W51: -- | X51: -- | Y51: -- | Z51: -- | AA51: -- | AB51: -- | AC51: -- | AD51: -- | AE51: -- | AF51: -- | AG51: -- | AH51: -- | AI51: -- | AJ51: -- | AK51: -- | AL51: -- | AM51: -- | AN51: -- | AO51: -- | AP51: -- | AQ51: -- | AR51: -- | AS51: -- | AT51: -- | AU51: -- | AV51: -- | AW51: -- | AX51: -- | AY51: -- | AZ51: -- | BA51: -- | BB51: -- | BC51: -- | BD51: -- | BE51: -- | BF51: -- | BG51: -- | BH51: --
C52: {=$B53*100+C$5:BH$5} -> 1401 | D52: 1402 | E52: 1403 | F52: 1404 | G52: 1405 | H52: 1406 | I52: 1407 | J52: 1408 | K52: 1409 | L52: 1410 | M52: 1411 | N52: 1412 | O52: 1413 | P52: 1414 | Q52: 1415 | R52: 1416 | S52: 1417 | T52: 1418 | U52: 1419 | V52: 1420 | W52: 1421 | X52: 1422 | Y52: 1423 | Z52: 1424 | AA52: 1425 | AB52: 1426 | AC52: 1427 | AD52: 1428 | AE52: 1429 | AF52: 1430 | AG52: 1431 | AH52: 1432 | AI52: 1433 | AJ52: 1434 | AK52: 1435 | AL52: 1436 | AM52: 1437 | AN52: 1438 | AO52: 1439 | AP52: 1440 | AQ52: 1441 | AR52: 1442 | AS52: 1443 | AT52: 1444 | AU52: 1445 | AV52: 1446 | AW52: 1447 | AX52: 1448 | AY52: 1449 | AZ52: 1450 | BA52: 1451 | BB52: 1452 | BC52: 1453 | BD52: 1454 | BE52: 1455 | BF52: 1456 | BG52: 1457 | BH52: 1458 | BJ52: =B53&"th FLOOR" -> 14th FLOOR
B53: 14 | C53: {=_xlfn.XLOOKUP(C52:BH52,'[1]111W_BUILDING MATRIX'!$B$8:$B$600,'[1]111W_BUILDING MATRIX'!$E$8:$E$600,"--")} -> -- | D53: -- | E53: -- | F53: -- | G53: -- | H53: -- | I53: -- | J53: -- | K53: -- | L53: -- | M53: -- | N53: -- | O53: -- | P53: -- | Q53: -- | R53: -- | S53: -- | T53: -- | U53: -- | V53: -- | W53: -- | X53: -- | Y53: -- | Z53: -- | AA53: -- | AB53: -- | AC53: -- | AD53: -- | AE53: -- | AF53: -- | AG53: -- | AH53: -- | AI53: -- | AJ53: -- | AK53: -- | AL53: -- | AM53: -- | AN53: -- | AO53: -- | AP53: -- | AQ53: -- | AR53: -- | AS53: -- | AT53: -- | AU53: -- | AV53: -- | AW53: -- | AX53: -- | AY53: -- | AZ53: -- | BA53: -- | BB53: -- | BC53: -- | BD53: -- | BE53: -- | BF53: -- | BG53: -- | BH53: -- | BJ53: =COUNTIF(C54:BH54, "D") -> 0 | BK53: KITCHENS DELIVERED out of | BN53: =COUNTIF(C54:BH54,"<>--") -> 0 | BO53: =BJ53/BN53 -> #DIV/0!
C54: {=_xlfn.XLOOKUP(C52:BH52,'[1]111W_BUILDING MATRIX'!$B$8:$B$600,'[1]111W_BUILDING MATRIX'!$H$8:$H$600,"--")} -> -- | D54: -- | E54: -- | F54: -- | G54: -- | H54: -- | I54: -- | J54: -- | K54: -- | L54: -- | M54: -- | N54: -- | O54: -- | P54: -- | Q54: -- | R54: -- | S54: -- | T54: -- | U54: -- | V54: -- | W54: -- | X54: -- | Y54: -- | Z54: -- | AA54: -- | AB54: -- | AC54: -- | AD54: -- | AE54: -- | AF54: -- | AG54: -- | AH54: -- | AI54: -- | AJ54: -- | AK54: -- | AL54: -- | AM54: -- | AN54: -- | AO54: -- | AP54: -- | AQ54: -- | AR54: -- | AS54: -- | AT54: -- | AU54: -- | AV54: -- | AW54: -- | AX54: -- | AY54: -- | AZ54: -- | BA54: -- | BB54: -- | BC54: -- | BD54: -- | BE54: -- | BF54: -- | BG54: -- | BH54: --
C55: {=$B56*100+C$5:BH$5} -> 1301 | D55: 1302 | E55: 1303 | F55: 1304 | G55: 1305 | H55: 1306 | I55: 1307 | J55: 1308 | K55: 1309 | L55: 1310 | M55: 1311 | N55: 1312 | O55: 1313 | P55: 1314 | Q55: 1315 | R55: 1316 | S55: 1317 | T55: 1318 | U55: 1319 | V55: 1320 | W55: 1321 | X55: 1322 | Y55: 1323 | Z55: 1324 | AA55: 1325 | AB55: 1326 | AC55: 1327 | AD55: 1328 | AE55: 1329 | AF55: 1330 | AG55: 1331 | AH55: 1332 | AI55: 1333 | AJ55: 1334 | AK55: 1335 | AL55: 1336 | AM55: 1337 | AN55: 1338 | AO55: 1339 | AP55: 1340 | AQ55: 1341 | AR55: 1342 | AS55: 1343 | AT55: 1344 | AU55: 1345 | AV55: 1346 | AW55: 1347 | AX55: 1348 | AY55: 1349 | AZ55: 1350 | BA55: 1351 | BB55: 1352 | BC55: 1353 | BD55: 1354 | BE55: 1355 | BF55: 1356 | BG55: 1357 | BH55: 1358 | BJ55: =B56&"rd FLOOR" -> 13rd FLOOR
B56: 13 | C56: {=_xlfn.XLOOKUP(C55:BH55,'[1]111W_BUILDING MATRIX'!$B$8:$B$600,'[1]111W_BUILDING MATRIX'!$E$8:$E$600,"--")} -> -- | D56: -- | E56: -- | F56: -- | G56: -- | H56: -- | I56: -- | J56: -- | K56: -- | L56: -- | M56: -- | N56: -- | O56: -- | P56: -- | Q56: -- | R56: -- | S56: -- | T56: -- | U56: -- | V56: -- | W56: -- | X56: -- | Y56: -- | Z56: -- | AA56: -- | AB56: -- | AC56: -- | AD56: -- | AE56: -- | AF56: -- | AG56: -- | AH56: -- | AI56: -- | AJ56: -- | AK56: -- | AL56: -- | AM56: -- | AN56: -- | AO56: -- | AP56: -- | AQ56: -- | AR56: -- | AS56: -- | AT56: -- | AU56: -- | AV56: -- | AW56: -- | AX56: -- | AY56: -- | AZ56: -- | BA56: -- | BB56: -- | BC56: -- | BD56: -- | BE56: -- | BF56: -- | BG56: -- | BH56: -- | BJ56: =COUNTIF(C57:BH57, "D") -> 0 | BK56: KITCHENS DELIVERED out of | BN56: =COUNTIF(C57:BH57,"<>--") -> 0 | BO56: =BJ56/BN56 -> #DIV/0!
C57: {=_xlfn.XLOOKUP(C55:BH55,'[1]111W_BUILDING MATRIX'!$B$8:$B$600,'[1]111W_BUILDING MATRIX'!$H$8:$H$600,"--")} -> -- | D57: -- | E57: -- | F57: -- | G57: -- | H57: -- | I57: -- | J57: -- | K57: -- | L57: -- | M57: -- | N57: -- | O57: -- | P57: -- | Q57: -- | R57: -- | S57: -- | T57: -- | U57: -- | V57: -- | W57: -- | X57: -- | Y57: -- | Z57: -- | AA57: -- | AB57: -- | AC57: -- | AD57: -- | AE57: -- | AF57: -- | AG57: -- | AH57: -- | AI57: -- | AJ57: -- | AK57: -- | AL57: -- | AM57: -- | AN57: -- | AO57: -- | AP57: -- | AQ57: -- | AR57: -- | AS57: -- | AT57: -- | AU57: -- | AV57: -- | AW57: -- | AX57: -- | AY57: -- | AZ57: -- | BA57: -- | BB57: -- | BC57: -- | BD57: -- | BE57: -- | BF57: -- | BG57: -- | BH57: --
C58: {=$B59*100+C$5:BH$5} -> 1201 | D58: 1202 | E58: 1203 | F58: 1204 | G58: 1205 | H58: 1206 | I58: 1207 | J58: 1208 | K58: 1209 | L58: 1210 | M58: 1211 | N58: 1212 | O58: 1213 | P58: 1214 | Q58: 1215 | R58: 1216 | S58: 1217 | T58: 1218 | U58: 1219 | V58: 1220 | W58: 1221 | X58: 1222 | Y58: 1223 | Z58: 1224 | AA58: 1225 | AB58: 1226 | AC58: 1227 | AD58: 1228 | AE58: 1229 | AF58: 1230 | AG58: 1231 | AH58: 1232 | AI58: 1233 | AJ58: 1234 | AK58: 1235 | AL58: 1236 | AM58: 1237 | AN58: 1238 | AO58: 1239 | AP58: 1240 | AQ58: 1241 | AR58: 1242 | AS58: 1243 | AT58: 1244 | AU58: 1245 | AV58: 1246 | AW58: 1247 | AX58: 1248 | AY58: 1249 | AZ58: 1250 | BA58: 1251 | BB58: 1252 | BC58: 1253 | BD58: 1254 | BE58: 1255 | BF58: 1256 | BG58: 1257 | BH58: 1258 | BJ58: =B59&"nd FLOOR" -> 12nd FLOOR
B59: 12 | C59: {=_xlfn.XLOOKUP(C58:BH58,'[1]111W_BUILDING MATRIX'!$B$8:$B$600,'[1]111W_BUILDING MATRIX'!$E$8:$E$600,"--")} -> A01-K24-A | D59: A02-K24 | E59: A03-K24 | F59: A03-K24-M | G59: A03-K24-M | H59: A07-K24 | I59: A03-K24 | J59: C4-K24 | K59: A03-K24 | L59: A03-K24-M | M59: A03-K24-M | N59: A02-K24 | O59: C1-K30 | P59: A07-K24-M | Q59: A04-K24 | R59: A01-K24-M | S59: A05-K30 | T59: A02-K24-A | U59: A03-K24-M | V59: A02-K24-AM | W59: A06-K24-AM | X59: A02-K24-M | Y59: A03-K24-AM | Z59: A07-K24 | AA59: B02L-K24 | AB59: B03L-K24-A | AC59: B04L-K24-A | AD59: A07-K24-A | AE59: A07-K24-AM | AF59: A09-K24-M | AG59: C2-K30 | AH59: C3-K30-A | AI59: B01L-K30 | AJ59: A07-K24 | AK59: A02-K24 | AL59: A03-K24 | AM59: A07-K24-M | AN59: A07-K24 | AO59: A10-K30 | AP59: A01-K24-M | AQ59: A04-K24 | AR59: A03-K24-M | AS59: B06L-K24 | AT59: A03-K24-M | AU59: A03-K24-M | AV59: A03-K24-M | AW59: A03-K24-M | AX59: A02-K24 | AY59: A07-K24-A | AZ59: A07-K24 | BA59: A03-K24-A | BB59: A02-K24-A | BC59: A07-K24-M | BD59: B04L-K24-M | BE59: A01-K24-M | BF59: B08L-K24 | BG59: A03-K24-M | BH59: B12L-K24 | BJ59: =COUNTIF(C60:BH60, "D") -> 0 | BK59: KITCHENS DELIVERED out of | BN59: =COUNTIF(C60:BH60,"<>--") -> 58 | BO59: =BJ59/BN59 -> 0
C60: {=_xlfn.XLOOKUP(C58:BH58,'[1]111W_BUILDING MATRIX'!$B$8:$B$600,'[1]111W_BUILDING MATRIX'!$H$8:$H$600,"--")} -> PROJ | D60: PROJ | E60: PROJ | F60: PROJ | G60: PROJ | H60: PROJ | I60: PROJ | J60: PROJ | K60: PROJ | L60: PROJ | M60: PROJ | N60: PROJ | O60: PROJ | P60: PROJ | Q60: PROJ | R60: PROJ | S60: PROJ | T60: PROJ | U60: PROJ | V60: PROJ | W60: PROJ | X60: PROJ | Y60: PROJ | Z60: PROJ | AA60: PROJ | AB60: PROJ | AC60: PROJ | AD60: PROJ | AE60: PROJ | AF60: PROJ | AG60: PROJ | AH60: PROJ | AI60: PROJ | AJ60: PROJ | AK60: PROJ | AL60: PROJ | AM60: PROJ | AN60: PROJ | AO60: PROJ | AP60: PROJ | AQ60: PROJ | AR60: PROJ | AS60: PROJ | AT60: PROJ | AU60: PROJ | AV60: PROJ | AW60: PROJ | AX60: #N/A | AY60: #N/A | AZ60: #N/A | BA60: #N/A | BB60: #N/A | BC60: #N/A | BD60: #N/A | BE60: #N/A | BF60: #N/A | BG60: #N/A | BH60: #N/A
C61: {=$B62*100+C$5:BH$5} -> 1101 | D61: 1102 | E61: 1103 | F61: 1104 | G61: 1105 | H61: 1106 | I61: 1107 | J61: 1108 | K61: 1109 | L61: 1110 | M61: 1111 | N61: 1112 | O61: 1113 | P61: 1114 | Q61: 1115 | R61: 1116 | S61: 1117 | T61: 1118 | U61: 1119 | V61: 1120 | W61: 1121 | X61: 1122 | Y61: 1123 | Z61: 1124 | AA61: 1125 | AB61: 1126 | AC61: 1127 | AD61: 1128 | AE61: 1129 | AF61: 1130 | AG61: 1131 | AH61: 1132 | AI61: 1133 | AJ61: 1134 | AK61: 1135 | AL61: 1136 | AM61: 1137 | AN61: 1138 | AO61: 1139 | AP61: 1140 | AQ61: 1141 | AR61: 1142 | AS61: 1143 | AT61: 1144 | AU61: 1145 | AV61: 1146 | AW61: 1147 | AX61: 1148 | AY61: 1149 | AZ61: 1150 | BA61: 1151 | BB61: 1152 | BC61: 1153 | BD61: 1154 | BE61: 1155 | BF61: 1156 | BG61: 1157 | BH61: 1158 | BJ61: =B62&"st FLOOR" -> 11st FLOOR
B62: 11 | C62: {=_xlfn.XLOOKUP(C61:BH61,'[1]111W_BUILDING MATRIX'!$B$8:$B$600,'[1]111W_BUILDING MATRIX'!$E$8:$E$600,"--")} -> A01-K24-A | D62: A02-K24 | E62: A03-K24 | F62: A03-K24-M | G62: A03-K24-M | H62: A07-K24 | I62: A03-K24 | J62: C4-K24 | K62: A03-K24 | L62: A03-K24-M | M62: A03-K24-M | N62: A02-K24 | O62: C1-K30 | P62: A07-K24-M | Q62: A04-K24 | R62: A01-K24-M | S62: A05-K30 | T62: A02-K24-A | U62: A03-K24-M | V62: A02-K24-AM | W62: A06-K24-AM | X62: A02-K24-M | Y62: A03-K24-AM | Z62: A07-K24 | AA62: B02L-K24 | AB62: B03L-K24-A | AC62: B04L-K24-A | AD62: A07-K24-A | AE62: A07-K24-AM | AF62: A09-K24-M | AG62: C2-K30 | AH62: C3-K30-A | AI62: B01L-K30 | AJ62: A07-K24 | AK62: A02-K24 | AL62: A03-K24 | AM62: A07-K24-M | AN62: A07-K24 | AO62: A10-K30 | AP62: A01-K24-M | AQ62: A04-K24 | AR62: A03-K24-M | AS62: B06L-K24 | AT62: A03-K24-M | AU62: A03-K24-M | AV62: A03-K24-M | AW62: A03-K24-M | AX62: A02-K24 | AY62: A07-K24-A | AZ62: A07-K24 | BA62: A03-K24-A | BB62: A02-K24-A | BC62: A07-K24-M | BD62: B04L-K24-M | BE62: A01-K24-M | BF62: B08L-K24 | BG62: A03-K24-M | BH62: B12L-K24 | BJ62: =COUNTIF(C63:BH63, "D") -> 0 | BK62: KITCHENS DELIVERED out of | BN62: =COUNTIF(C63:BH63,"<>--") -> 58 | BO62: =BJ62/BN62 -> 0
C63: {=_xlfn.XLOOKUP(C61:BH61,'[1]111W_BUILDING MATRIX'!$B$8:$B$600,'[1]111W_BUILDING MATRIX'!$H$8:$H$600,"--")} -> PROJ | D63: PROJ | E63: PROJ | F63: PROJ | G63: PROJ | H63: PROJ | I63: PROJ | J63: PROJ | K63: PROJ | L63: PROJ | M63: PROJ | N63: PROJ | O63: PROJ | P63: PROJ | Q63: PROJ | R63: PROJ | S63: PROJ | T63: PROJ | U63: PROJ | V63: PROJ | W63: PROJ | X63: PROJ | Y63: PROJ | Z63: PROJ | AA63: PROJ | AB63: PROJ | AC63: PROJ | AD63: PROJ | AE63: PROJ | AF63: PROJ | AG63: PROJ | AH63: PROJ | AI63: PROJ | AJ63: PROJ | AK63: PROJ | AL63: PROJ | AM63: PROJ | AN63: PROJ | AO63: PROJ | AP63: PROJ | AQ63: PROJ | AR63: PROJ | AS63: PROJ | AT63: PROJ | AU63: PROJ | AV63: PROJ | AW63: PROJ | AX63: PROJ | AY63: PROJ | AZ63: #N/A | BA63: #N/A | BB63: PROJ | BC63: PROJ | BD63: PROJ | BE63: PROJ | BF63: PROJ | BG63: PROJ | BH63: PROJ
C64: {=$B65*100+C$5:BH$5} -> 1001 | D64: 1002 | E64: 1003 | F64: 1004 | G64: 1005 | H64: 1006 | I64: 1007 | J64: 1008 | K64: 1009 | L64: 1010 | M64: 1011 | N64: 1012 | O64: 1013 | P64: 1014 | Q64: 1015 | R64: 1016 | S64: 1017 | T64: 1018 | U64: 1019 | V64: 1020 | W64: 1021 | X64: 1022 | Y64: 1023 | Z64: 1024 | AA64: 1025 | AB64: 1026 | AC64: 1027 | AD64: 1028 | AE64: 1029 | AF64: 1030 | AG64: 1031 | AH64: 1032 | AI64: 1033 | AJ64: 1034 | AK64: 1035 | AL64: 1036 | AM64: 1037 | AN64: 1038 | AO64: 1039 | AP64: 1040 | AQ64: 1041 | AR64: 1042 | AS64: 1043 | AT64: 1044 | AU64: 1045 | AV64: 1046 | AW64: 1047 | AX64: 1048 | AY64: 1049 | AZ64: 1050 | BA64: 1051 | BB64: 1052 | BC64: 1053 | BD64: 1054 | BE64: 1055 | BF64: 1056 | BG64: 1057 | BH64: 1058 | BJ64: =B65&"th FLOOR" -> 10th FLOOR
B65: 10 | C65: {=_xlfn.XLOOKUP(C64:BH64,'[1]111W_BUILDING MATRIX'!$B$8:$B$600,'[1]111W_BUILDING MATRIX'!$E$8:$E$600,"--")} -> A01-K24-A | D65: A02-K24 | E65: A03-K24 | F65: A03-K24-M | G65: A03-K24-M | H65: A07-K24 | I65: A03-K24 | J65: C4-K24 | K65: A03-K24 | L65: A03-K24-M | M65: A03-K24-M | N65: A02-K24 | O65: C1-K30 | P65: A07-K24-M | Q65: A04-K24 | R65: A01-K24-M | S65: A05-K30 | T65: A02-K24-A | U65: A03-K24-M | V65: A02-K24-AM | W65: A06-K24-AM | X65: A02-K24-M | Y65: A03-K24-AM | Z65: A07-K24 | AA65: B02L-K24 | AB65: B03L-K24-A | AC65: B04L-K24-A | AD65: A07-K24-A | AE65: A07-K24-AM | AF65: A09-K24-M | AG65: C2-K30 | AH65: C3-K30-A | AI65: B01L-K30 | AJ65: A07-K24 | AK65: A02-K24 | AL65: A03-K24 | AM65: A07-K24-M | AN65: A07-K24 | AO65: A10-K30 | AP65: A01-K24-M | AQ65: A04-K24 | AR65: A03-K24-M | AS65: B06L-K24 | AT65: A03-K24-M | AU65: A03-K24-M | AV65: A03-K24-M | AW65: A03-K24-M | AX65: A02-K24 | AY65: A07-K24-A | AZ65: A07-K24 | BA65: A03-K24-A | BB65: A02-K24-A | BC65: A07-K24-M | BD65: B04L-K24-M | BE65: A01-K24-M | BF65: B08L-K24 | BG65: A03-K24-M | BH65: B12L-K24 | BJ65: =COUNTIF(C66:BH66, "D") -> 0 | BK65: KITCHENS DELIVERED out of | BN65: =COUNTIF(C66:BH66,"<>--") -> 58 | BO65: =BJ65/BN65 -> 0
C66: {=_xlfn.XLOOKUP(C64:BH64,'[1]111W_BUILDING MATRIX'!$B$8:$B$600,'[1]111W_BUILDING MATRIX'!$H$8:$H$600,"--")} -> PROJ | D66: PROJ | E66: PROJ | F66: PROJ | G66: PROJ | H66: PROJ | I66: PROJ | J66: PROJ | K66: PROJ | L66: PROJ | M66: PROJ | N66: PROJ | O66: PROJ | P66: PROJ | Q66: PROJ | R66: PROJ | S66: PROJ | T66: PROJ | U66: PROJ | V66: PROJ | W66: PROJ | X66: PROJ | Y66: PROJ | Z66: PROJ | AA66: PROJ | AB66: PROJ | AC66: PROJ | AD66: PROJ | AE66: PROJ | AF66: PROJ | AG66: PROJ | AH66: PROJ | AI66: PROJ | AJ66: PROJ | AK66: PROJ | AL66: PROJ | AM66: PROJ | AN66: PROJ | AO66: PROJ | AP66: PROJ | AQ66: PROJ | AR66: PROJ | AS66: PROJ | AT66: PROJ | AU66: PROJ | AV66: PROJ | AW66: PROJ | AX66: PROJ | AY66: PROJ | AZ66: PROJ | BA66: PROJ | BB66: PROJ | BC66: PROJ | BD66: PROJ | BE66: PROJ | BF66: PROJ | BG66: PROJ | BH66: PROJ
C67: {=$B68*100+C$5:BH$5} -> 901 | D67: 902 | E67: 903 | F67: 904 | G67: 905 | H67: 906 | I67: 907 | J67: 908 | K67: 909 | L67: 910 | M67: 911 | N67: 912 | O67: 913 | P67: 914 | Q67: 915 | R67: 916 | S67: 917 | T67: 918 | U67: 919 | V67: 920 | W67: 921 | X67: 922 | Y67: 923 | Z67: 924 | AA67: 925 | AB67: 926 | AC67: 927 | AD67: 928 | AE67: 929 | AF67: 930 | AG67: 931 | AH67: 932 | AI67: 933 | AJ67: 934 | AK67: 935 | AL67: 936 | AM67: 937 | AN67: 938 | AO67: 939 | AP67: 940 | AQ67: 941 | AR67: 942 | AS67: 943 | AT67: 944 | AU67: 945 | AV67: 946 | AW67: 947 | AX67: 948 | AY67: 949 | AZ67: 950 | BA67: 951 | BB67: 952 | BC67: 953 | BD67: 954 | BE67: 955 | BF67: 956 | BG67: 957 | BH67: 958 | BJ67: =B68&"th FLOOR" -> 9th FLOOR
B68: 9 | C68: {=_xlfn.XLOOKUP(C67:BH67,'[1]111W_BUILDING MATRIX'!$B$8:$B$600,'[1]111W_BUILDING MATRIX'!$E$8:$E$600,"--")} -> A01-K24-A | D68: A02-K24 | E68: A03-K24 | F68: A03-K24-M | G68: A03-K24-M | H68: A07-K24 | I68: A03-K24 | J68: C4-K24 | K68: A03-K24 | L68: A03-K24-M | M68: A03-K24-M | N68: A02-K24 | O68: C1-K30 | P68: A07-K24-M | Q68: A04-K24 | R68: A01-K24-M | S68: A05-K30 | T68: A02-K24-A | U68: A03-K24-M | V68: A02-K24-AM | W68: A06-K24-AM | X68: A02-K24-M | Y68: A03-K24-AM | Z68: A07-K24 | AA68: B02L-K24 | AB68: B03L-K24-A | AC68: B04L-K24-A | AD68: A07-K24-A | AE68: A07-K24-AM | AF68: A09-K24-M | AG68: C2-K30 | AH68: C3-K30-A | AI68: B01L-K30 | AJ68: A07-K24 | AK68: A02-K24 | AL68: A03-K24 | AM68: A07-K24-M | AN68: A07-K24 | AO68: A10-K30 | AP68: A01-K24-M | AQ68: A04-K24 | AR68: A03-K24-M | AS68: B06L-K24 | AT68: A03-K24-M | AU68: A03-K24-M | AV68: A03-K24-M | AW68: A03-K24-M | AX68: A02-K24 | AY68: A07-K24-A | AZ68: A07-K24 | BA68: A03-K24-A | BB68: A02-K24-A | BC68: A07-K24-M | BD68: B04L-K24-M | BE68: A01-K24-M | BF68: B08L-K24 | BG68: A03-K24-M | BH68: B12L-K24 | BJ68: =COUNTIF(C69:BH69, "D") -> 0 | BK68: KITCHENS DELIVERED out of | BN68: =COUNTIF(C69:BH69,"<>--") -> 58 | BO68: =BJ68/BN68 -> 0
C69: {=_xlfn.XLOOKUP(C67:BH67,'[1]111W_BUILDING MATRIX'!$B$8:$B$600,'[1]111W_BUILDING MATRIX'!$H$8:$H$600,"--")} -> PROJ | D69: PROJ | E69: PROJ | F69: PROJ | G69: PROJ | H69: PROJ | I69: PROJ | J69: PROJ | K69: PROJ | L69: PROJ | M69: PROJ | N69: PROJ | O69: PROJ | P69: PROJ | Q69: PROJ | R69: PROJ | S69: PROJ | T69: PROJ | U69: PROJ | V69: PROJ | W69: PROJ | X69: PROJ | Y69: PROJ | Z69: PROJ | AA69: PROJ | AB69: PROJ | AC69: PROJ | AD69: PROJ | AE69: PROJ | AF69: PROJ | AG69: PROJ | AH69: PROJ | AI69: PROJ | AJ69: PROJ | AK69: PROJ | AL69: PROJ | AM69: PROJ | AN69: PROJ | AO69: PROJ | AP69: PROJ | AQ69: PROJ | AR69: PROJ | AS69: PROJ | AT69: PROJ | AU69: PROJ | AV69: PROJ | AW69: PROJ | AX69: PROJ | AY69: PROJ | AZ69: PROJ | BA69: PROJ | BB69: PROJ | BC69: PROJ | BD69: PROJ | BE69: PROJ | BF69: PROJ | BG69: PROJ | BH69: PROJ
C70: {=$B71*100+C$5:BH$5} -> 801 | D70: 802 | E70: 803 | F70: 804 | G70: 805 | H70: 806 | I70: 807 | J70: 808 | K70: 809 | L70: 810 | M70: 811 | N70: 812 | O70: 813 | P70: 814 | Q70: 815 | R70: 816 | S70: 817 | T70: 818 | U70: 819 | V70: 820 | W70: 821 | X70: 822 | Y70: 823 | Z70: 824 | AA70: 825 | AB70: 826 | AC70: 827 | AD70: 828 | AE70: 829 | AF70: 830 | AG70: 831 | AH70: 832 | AI70: 833 | AJ70: 834 | AK70: 835 | AL70: 836 | AM70: 837 | AN70: 838 | AO70: 839 | AP70: 840 | AQ70: 841 | AR70: 842 | AS70: 843 | AT70: 844 | AU70: 845 | AV70: 846 | AW70: 847 | AX70: 848 | AY70: 849 | AZ70: 850 | BA70: 851 | BB70: 852 | BC70: 853 | BD70: 854 | BE70: 855 | BF70: 856 | BG70: 857 | BH70: 858 | BJ70: =B71&"th FLOOR" -> 8th FLOOR
B71: 8 | C71: {=_xlfn.XLOOKUP(C70:BH70,'[1]111W_BUILDING MATRIX'!$B$8:$B$600,'[1]111W_BUILDING MATRIX'!$E$8:$E$600,"--")} -> A01-K24-A | D71: A02-K24 | E71: A03-K24 | F71: A03-K24-M | G71: A03-K24-M | H71: A07-K24 | I71: A03-K24 | J71: C4-K24 | K71: A03-K24 | L71: A03-K24-M | M71: A03-K24-M | N71: A02-K24 | O71: C1-K30 | P71: A07-K24-M | Q71: A04-K24 | R71: A01-K24-M | S71: A05-K30 | T71: A02-K24-A | U71: A03-K24-M | V71: A02-K24-AM | W71: A06-K24-AM | X71: A02-K24-M | Y71: A03-K24-AM | Z71: A07-K24 | AA71: B02L-K24 | AB71: B03L-K24-A | AC71: B04L-K24-A | AD71: A07-K24-A | AE71: A07-K24-AM | AF71: A09-K24-M | AG71: C2-K30 | AH71: C3-K30-A | AI71: B01L-K30 | AJ71: A07-K24 | AK71: A02-K24 | AL71: A03-K24 | AM71: A07-K24-M | AN71: A07-K24 | AO71: A10-K30 | AP71: A01-K24-M | AQ71: A04-K24 | AR71: A03-K24-M | AS71: B06L-K24 | AT71: A03-K24-M | AU71: A03-K24-M | AV71: A03-K24-M | AW71: A03-K24-M | AX71: A02-K24 | AY71: A07-K24-A | AZ71: A07-K24 | BA71: A03-K24-A | BB71: A02-K24-A | BC71: A07-K24-M | BD71: B04L-K24-M | BE71: A01-K24-M | BF71: B08L-K24 | BG71: A03-K24-M | BH71: B12L-K24 | BJ71: =COUNTIF(C72:BH72, "D") -> 0 | BK71: KITCHENS DELIVERED out of | BN71: =COUNTIF(C72:BH72,"<>--") -> 58 | BO71: =BJ71/BN71 -> 0
C72: {=_xlfn.XLOOKUP(C70:BH70,'[1]111W_BUILDING MATRIX'!$B$8:$B$600,'[1]111W_BUILDING MATRIX'!$H$8:$H$600,"--")} -> PROJ | D72: PROJ | E72: PROJ | F72: PROJ | G72: PROJ | H72: PROJ | I72: PROJ | J72: PROJ | K72: PROJ | L72: PROJ | M72: PROJ | N72: PROJ | O72: PROJ | P72: PROJ | Q72: PROJ | R72: PROJ | S72: PROJ | T72: PROJ | U72: PROJ | V72: PROJ | W72: PROJ | X72: PROJ | Y72: PROJ | Z72: PROJ | AA72: PROJ | AB72: PROJ | AC72: PROJ | AD72: PROJ | AE72: PROJ | AF72: PROJ | AG72: PROJ | AH72: PROJ | AI72: PROJ | AJ72: PROJ | AK72: PROJ | AL72: PROJ | AM72: PROJ | AN72: PROJ | AO72: PROJ | AP72: PROJ | AQ72: PROJ | AR72: PROJ | AS72: PROJ | AT72: PROJ | AU72: PROJ | AV72: PROJ | AW72: PROJ | AX72: PROJ | AY72: PROJ | AZ72: PROJ | BA72: PROJ | BB72: PROJ | BC72: PROJ | BD72: PROJ | BE72: PROJ | BF72: PROJ | BG72: PROJ | BH72: PROJ
C73: {=$B74*100+C$5:BH$5} -> 701 | D73: 702 | E73: 703 | F73: 704 | G73: 705 | H73: 706 | I73: 707 | J73: 708 | K73: 709 | L73: 710 | M73: 711 | N73: 712 | O73: 713 | P73: 714 | Q73: 715 | R73: 716 | S73: 717 | T73: 718 | U73: 719 | V73: 720 | W73: 721 | X73: 722 | Y73: 723 | Z73: 724 | AA73: 725 | AB73: 726 | AC73: 727 | AD73: 728 | AE73: 729 | AF73: 730 | AG73: 731 | AH73: 732 | AI73: 733 | AJ73: 734 | AK73: 735 | AL73: 736 | AM73: 737 | AN73: 738 | AO73: 739 | AP73: 740 | AQ73: 741 | AR73: 742 | AS73: 743 | AT73: 744 | AU73: 745 | AV73: 746 | AW73: 747 | AX73: 748 | AY73: 749 | AZ73: 750 | BA73: 751 | BB73: 752 | BC73: 753 | BD73: 754 | BE73: 755 | BF73: 756 | BG73: 757 | BH73: 758 | BJ73: =B74&"th FLOOR" -> 7th FLOOR
B74: 7 | C74: {=_xlfn.XLOOKUP(C73:BH73,'[1]111W_BUILDING MATRIX'!$B$8:$B$600,'[1]111W_BUILDING MATRIX'!$E$8:$E$600,"--")} -> A01-K24-A | D74: A02-K24 | E74: A03-K24 | F74: A03-K24-M | G74: A03-K24-M | H74: A07-K24 | I74: A03-K24 | J74: C4-K24 | K74: A03-K24 | L74: A03-K24-M | M74: A03-K24-M | N74: A02-K24 | O74: C1-K30 | P74: A07-K24-M | Q74: A04-K24 | R74: A01-K24-M | S74: A05-K30 | T74: A02-K24-A | U74: A03-K24-M | V74: A02-K24-AM | W74: A06-K24-AM | X74: A02-K24-M | Y74: A03-K24-AM | Z74: A07-K24 | AA74: B02L-K24 | AB74: B03L-K24-A | AC74: B04L-K24-A | AD74: A07-K24-A | AE74: A07-K24-AM | AF74: A09-K24-M | AG74: C2-K30 | AH74: C3-K30-A | AI74: B01L-K30 | AJ74: A07-K24 | AK74: A02-K24 | AL74: A03-K24 | AM74: A07-K24-M | AN74: A07-K24 | AO74: A10-K30 | AP74: A01-K24-M | AQ74: A04-K24 | AR74: A03-K24-M | AS74: B06L-K24 | AT74: A03-K24-M | AU74: A03-K24-M | AV74: A03-K24-M | AW74: A03-K24-M | AX74: A02-K24 | AY74: A07-K24-A | AZ74: A07-K24 | BA74: A03-K24-A | BB74: A02-K24-A | BC74: A07-K24-M | BD74: B04L-K24-M | BE74: A01-K24-M | BF74: B08L-K24 | BG74: A03-K24-M | BH74: B12L-K24 | BJ74: =COUNTIF(C75:BH75, "D") -> 0 | BK74: KITCHENS DELIVERED out of | BN74: =COUNTIF(C75:BH75,"<>--") -> 58 | BO74: =BJ74/BN74 -> 0
C75: {=_xlfn.XLOOKUP(C73:BH73,'[1]111W_BUILDING MATRIX'!$B$8:$B$600,'[1]111W_BUILDING MATRIX'!$H$8:$H$600,"--")} -> PROJ | D75: PROJ | E75: PROJ | F75: PROJ | G75: PROJ | H75: PROJ | I75: PROJ | J75: PROJ | K75: PROJ | L75: PROJ | M75: PROJ | N75: PROJ | O75: PROJ | P75: PROJ | Q75: PROJ | R75: PROJ | S75: PROJ | T75: PROJ | U75: PROJ | V75: PROJ | W75: PROJ | X75: PROJ | Y75: PROJ | Z75: PROJ | AA75: PROJ | AB75: PROJ | AC75: PROJ | AD75: PROJ | AE75: PROJ | AF75: PROJ | AG75: PROJ | AH75: PROJ | AI75: PROJ | AJ75: PROJ | AK75: PROJ | AL75: PROJ | AM75: PROJ | AN75: PROJ | AO75: PROJ | AP75: PROJ | AQ75: PROJ | AR75: PROJ | AS75: PROJ | AT75: PROJ | AU75: PROJ | AV75: PROJ | AW75: PROJ | AX75: PROJ | AY75: PROJ | AZ75: PROJ | BA75: PROJ | BB75: PROJ | BC75: PROJ | BD75: PROJ | BE75: PROJ | BF75: PROJ | BG75: PROJ | BH75: PROJ
C76: {=$B77*100+C$5:BH$5} -> 601 | D76: 602 | E76: 603 | F76: 604 | G76: 605 | H76: 606 | I76: 607 | J76: 608 | K76: 609 | L76: 610 | M76: 611 | N76: 612 | O76: 613 | P76: 614 | Q76: 615 | R76: 616 | S76: 617 | T76: 618 | U76: 619 | V76: 620 | W76: 621 | X76: 622 | Y76: 623 | Z76: 624 | AA76: 625 | AB76: 626 | AC76: 627 | AD76: 628 | AE76: 629 | AF76: 630 | AG76: 631 | AH76: 632 | AI76: 633 | AJ76: 634 | AK76: 635 | AL76: 636 | AM76: 637 | AN76: 638 | AO76: 639 | AP76: 640 | AQ76: 641 | AR76: 642 | AS76: 643 | AT76: 644 | AU76: 645 | AV76: 646 | AW76: 647 | AX76: 648 | AY76: 649 | AZ76: 650 | BA76: 651 | BB76: 652 | BC76: 653 | BD76: 654 | BE76: 655 | BF76: 656 | BG76: 657 | BH76: 658 | BJ76: =B77&"th FLOOR" -> 6th FLOOR
B77: 6 | C77: {=_xlfn.XLOOKUP(C76:BH76,'[1]111W_BUILDING MATRIX'!$B$8:$B$600,'[1]111W_BUILDING MATRIX'!$E$8:$E$600,"--")} -> A01-K24-A | D77: A02-K24 | E77: A03-K24 | F77: A03-K24-M | G77: A03-K24-M | H77: A07-K24 | I77: A03-K24 | J77: C4-K24 | K77: A03-K24 | L77: A03-K24-M | M77: A03-K24-M | N77: A02-K24 | O77: C1-K30 | P77: A07-K24-M | Q77: A04-K24 | R77: A01-K24-M | S77: A05-K30 | T77: A02-K24-A | U77: A03-K24-M | V77: A02-K24-AM | W77: A06-K24-AM | X77: A02-K24-M | Y77: A03-K24-AM | Z77: A07-K24 | AA77: B02L-K24 | AB77: B03L-K24-A | AC77: B04L-K24-A | AD77: A07-K24-A | AE77: A07-K24-AM | AF77: A09-K24-M | AG77: C2-K30 | AH77: C3-K30-A | AI77: B01L-K30 | AJ77: A07-K24 | AK77: A02-K24 | AL77: A03-K24 | AM77: A07-K24-M | AN77: A07-K24 | AO77: A10-K30 | AP77: A01-K24-M | AQ77: A04-K24 | AR77: A03-K24-M | AS77: B06L-K24 | AT77: A03-K24-M | AU77: A03-K24-M | AV77: A03-K24-M | AW77: A03-K24-M | AX77: A02-K24 | AY77: A07-K24-A | AZ77: A07-K24 | BA77: A03-K24-A | BB77: A02-K24-A | BC77: A07-K24-M | BD77: B04L-K24-M | BE77: A01-K24-M | BF77: B08L-K24 | BG77: A03-K24-M | BH77: B12L-K24 | BJ77: =COUNTIF(C78:BH78, "D") -> 0 | BK77: KITCHENS DELIVERED out of | BN77: =COUNTIF(C78:BH78,"<>--") -> 58 | BO77: =BJ77/BN77 -> 0
C78: {=_xlfn.XLOOKUP(C76:BH76,'[1]111W_BUILDING MATRIX'!$B$8:$B$600,'[1]111W_BUILDING MATRIX'!$H$8:$H$600,"--")} -> PROJ | D78: PROJ | E78: PROJ | F78: PROJ | G78: PROJ | H78: PROJ | I78: PROJ | J78: PROJ | K78: PROJ | L78: PROJ | M78: PROJ | N78: PROJ | O78: PROJ | P78: PROJ | Q78: PROJ | R78: PROJ | S78: PROJ | T78: PROJ | U78: PROJ | V78: PROJ | W78: PROJ | X78: PROJ | Y78: PROJ | Z78: PROJ | AA78: PROJ | AB78: PROJ | AC78: PROJ | AD78: PROJ | AE78: PROJ | AF78: PROJ | AG78: PROJ | AH78: PROJ | AI78: PROJ | AJ78: PROJ | AK78: PROJ | AL78: PROJ | AM78: PROJ | AN78: PROJ | AO78: PROJ | AP78: PROJ | AQ78: PROJ | AR78: PROJ | AS78: PROJ | AT78: PROJ | AU78: PROJ | AV78: PROJ | AW78: PROJ | AX78: PROJ | AY78: PROJ | AZ78: PROJ | BA78: PROJ | BB78: PROJ | BC78: PROJ | BD78: PROJ | BE78: PROJ | BF78: PROJ | BG78: PROJ | BH78: PROJ
C79: {=$B80*100+C$5:BH$5} -> 501 | D79: 502 | E79: 503 | F79: 504 | G79: 505 | H79: 506 | I79: 507 | J79: 508 | K79: 509 | L79: 510 | M79: 511 | N79: 512 | O79: 513 | P79: 514 | Q79: 515 | R79: 516 | S79: 517 | T79: 518 | U79: 519 | V79: 520 | W79: 521 | X79: 522 | Y79: 523 | Z79: 524 | AA79: 525 | AB79: 526 | AC79: 527 | AD79: 528 | AE79: 529 | AF79: 530 | AG79: 531 | AH79: 532 | AI79: 533 | AJ79: 534 | AK79: 535 | AL79: 536 | AM79: 537 | AN79: 538 | AO79: 539 | AP79: 540 | AQ79: 541 | AR79: 542 | AS79: 543 | AT79: 544 | AU79: 545 | AV79: 546 | AW79: 547 | AX79: 548 | AY79: 549 | AZ79: 550 | BA79: 551 | BB79: 552 | BC79: 553 | BD79: 554 | BE79: 555 | BF79: 556 | BG79: 557 | BH79: 558 | BJ79: =B80&"th FLOOR" -> 5th FLOOR
B80: 5 | C80: {=_xlfn.XLOOKUP(C79:BH79,'[1]111W_BUILDING MATRIX'!$B$8:$B$600,'[1]111W_BUILDING MATRIX'!$E$8:$E$600,"--")} -> A01-K24-A | D80: A02-K24 | E80: A03-K24-A | F80: A03-K24-M | G80: A03-K24-M | H80: A07-K24 | I80: A03-K24 | J80: C4-K24 | K80: A03-K24 | L80: A03-K24-M | M80: A03-K24-M | N80: A02-K24 | O80: C1-K30 | P80: A07-K24-M | Q80: A04-K24 | R80: A01-K24-M | S80: A05-K30 | T80: A02-K24-A | U80: A03-K24-M | V80: A02-K24-AM | W80: A06-K24-AM | X80: A02-K24-M | Y80: A03-K24-AM | Z80: A07-K24 | AA80: B02L-K24 | AB80: B03L-K24-A | AC80: B04L-K24-A | AD80: A07-K24-A | AE80: A07-K24-AM | AF80: A09-K24-M | AG80: C2-K30 | AH80: C3-K30-A | AI80: B01L-K30 | AJ80: A07-K24 | AK80: A02-K24 | AL80: A03-K24 | AM80: A07-K24-M | AN80: A07-K24 | AO80: A10-K30 | AP80: A01-K24-M | AQ80: A04-K24 | AR80: A03-K24-M | AS80: B06L-K24 | AT80: A03-K24-M | AU80: A03-K24-M | AV80: A03-K24-M | AW80: A03-K24-M | AX80: A02-K24 | AY80: A07-K24-A | AZ80: A07-K24 | BA80: A03-K24-A | BB80: A02-K24-A | BC80: A07-K24-M | BD80: B04L-K24-M | BE80: A01-K24-M | BF80: B08L-K24 | BG80: A03-K24-M | BH80: B12L-K24 | BJ80: =COUNTIF(C81:BH81, "D") -> 0 | BK80: KITCHENS DELIVERED out of | BN80: =COUNTIF(C81:BH81,"<>--") -> 58 | BO80: =BJ80/BN80 -> 0
C81: {=_xlfn.XLOOKUP(C79:BH79,'[1]111W_BUILDING MATRIX'!$B$8:$B$600,'[1]111W_BUILDING MATRIX'!$H$8:$H$600,"--")} -> PROJ | D81: PROJ | E81: PROJ | F81: PROJ | G81: PROJ | H81: PROJ | I81: PROJ | J81: PROJ | K81: PROJ | L81: PROJ | M81: PROJ | N81: PROJ | O81: PROJ | P81: PROJ | Q81: PROJ | R81: PROJ | S81: PROJ | T81: PROJ | U81: PROJ | V81: PROJ | W81: PROJ | X81: PROJ | Y81: PROJ | Z81: PROJ | AA81: PROJ | AB81: PROJ | AC81: PROJ | AD81: PROJ | AE81: PROJ | AF81: PROJ | AG81: PROJ | AH81: PROJ | AI81: PROJ | AJ81: PROJ | AK81: PROJ | AL81: PROJ | AM81: PROJ | AN81: PROJ | AO81: PROJ | AP81: PROJ | AQ81: PROJ | AR81: PROJ | AS81: PROJ | AT81: PROJ | AU81: PROJ | AV81: PROJ | AW81: PROJ | AX81: PROJ | AY81: PROJ | AZ81: PROJ | BA81: PROJ | BB81: PROJ | BC81: PROJ | BD81: PROJ | BE81: PROJ | BF81: PROJ | BG81: PROJ | BH81: PROJ
C82: {=$B83*100+C$5:BH$5} -> 401 | D82: 402 | E82: 403 | F82: 404 | G82: 405 | H82: 406 | I82: 407 | J82: 408 | K82: 409 | L82: 410 | M82: 411 | N82: 412 | O82: 413 | P82: 414 | Q82: 415 | R82: 416 | S82: 417 | T82: 418 | U82: 419 | V82: 420 | W82: 421 | X82: 422 | Y82: 423 | Z82: 424 | AA82: 425 | AB82: 426 | AC82: 427 | AD82: 428 | AE82: 429 | AF82: 430 | AG82: 431 | AH82: 432 | AI82: 433 | AJ82: 434 | AK82: 435 | AL82: 436 | AM82: 437 | AN82: 438 | AO82: 439 | AP82: 440 | AQ82: 441 | AR82: 442 | AS82: 443 | AT82: 444 | AU82: 445 | AV82: 446 | AW82: 447 | AX82: 448 | AY82: 449 | AZ82: 450 | BA82: 451 | BB82: 452 | BC82: 453 | BD82: 454 | BE82: 455 | BF82: 456 | BG82: 457 | BH82: 458 | BJ82: =B83&"th FLOOR" -> 4th FLOOR
B83: 4 | C83: {=_xlfn.XLOOKUP(C82:BH82,'[1]111W_BUILDING MATRIX'!$B$8:$B$600,'[1]111W_BUILDING MATRIX'!$E$8:$E$600,"--")} -> A01-K24-A | D83: A02-K24 | E83: A03-K24-A | F83: A03-K24-M | G83: A03-K24-M | H83: A07-K24 | I83: A03-K24 | J83: C4-K24 | K83: A03-K24 | L83: A03-K24-M | M83: A03-K24-M | N83: A02-K24 | O83: C1-K30 | P83: A07-K24-M | Q83: A04-K24 | R83: A01-K24-M | S83: A05-K30 | T83: A02-K24-A | U83: A03-K24-M | V83: A02-K24-AM | W83: A06-K24-AM | X83: A02-K24-M | Y83: A03-K24-AM | Z83: A07-K24 | AA83: B02L-K24 | AB83: B03L-K24-A | AC83: B04L-K24-A | AD83: A07-K24-A | AE83: A07-K24-AM | AF83: A09-K24-M | AG83: C2-K30 | AH83: C3-K30-A | AI83: B01L-K30 | AJ83: A07-K24 | AK83: A02-K24 | AL83: A03-K24 | AM83: A07-K24-M | AN83: A07-K24 | AO83: A10-K30 | AP83: A01-K24-M | AQ83: A04-K24 | AR83: A03-K24-M | AS83: B06L-K24 | AT83: A03-K24-M | AU83: A03-K24-M | AV83: A03-K24-M | AW83: A03-K24-M | AX83: A02-K24 | AY83: A07-K24-A | AZ83: A07-K24 | BA83: A03-K24-A | BB83: A02-K24-A | BC83: A07-K24-M | BD83: B04L-K24-M | BE83: A01-K24-M | BF83: B08L-K24 | BG83: A03-K24-M | BH83: B12L-K24 | BJ83: =COUNTIF(C84:BH84, "D") -> 0 | BK83: KITCHENS DELIVERED out of | BN83: =COUNTIF(C84:BH84,"<>--") -> 58 | BO83: =BJ83/BN83 -> 0
C84: {=_xlfn.XLOOKUP(C82:BH82,'[1]111W_BUILDING MATRIX'!$B$8:$B$600,'[1]111W_BUILDING MATRIX'!$H$8:$H$600,"--")} -> PROJ | D84: PROJ | E84: PROJ | F84: PROJ | G84: PROJ | H84: PROJ | I84: PROJ | J84: PROJ | K84: PROJ | L84: PROJ | M84: PROJ | N84: PROJ | O84: PROJ | P84: PROJ | Q84: PROJ | R84: PROJ | S84: PROJ | T84: PROJ | U84: PROJ | V84: PROJ | W84: PROJ | X84: PROJ | Y84: PROJ | Z84: PROJ | AA84: PROJ | AB84: PROJ | AC84: PROJ | AD84: PROJ | AE84: PROJ | AF84: PROJ | AG84: PROJ | AH84: PROJ | AI84: PROJ | AJ84: PROJ | AK84: PROJ | AL84: PROJ | AM84: PROJ | AN84: PROJ | AO84: PROJ | AP84: PROJ | AQ84: PROJ | AR84: PROJ | AS84: PROJ | AT84: PROJ | AU84: PROJ | AV84: PROJ | AW84: PROJ | AX84: PROJ | AY84: PROJ | AZ84: PROJ | BA84: PROJ | BB84: PROJ | BC84: PROJ | BD84: PROJ | BE84: PROJ | BF84: PROJ | BG84: PROJ | BH84: PROJ
C85: {=$B86*100+C$5:BH$5} -> 301 | D85: 302 | E85: 303 | F85: 304 | G85: 305 | H85: 306 | I85: 307 | J85: 308 | K85: 309 | L85: 310 | M85: 311 | N85: 312 | O85: 313 | P85: 314 | Q85: 315 | R85: 316 | S85: 317 | T85: 318 | U85: 319 | V85: 320 | W85: 321 | X85: 322 | Y85: 323 | Z85: 324 | AA85: 325 | AB85: 326 | AC85: 327 | AD85: 328 | AE85: 329 | AF85: 330 | AG85: 331 | AH85: 332 | AI85: 333 | AJ85: 334 | AK85: 335 | AL85: 336 | AM85: 337 | AN85: 338 | AO85: 339 | AP85: 340 | AQ85: 341 | AR85: 342 | AS85: 343 | AT85: 344 | AU85: 345 | AV85: 346 | AW85: 347 | AX85: 348 | AY85: 349 | AZ85: 350 | BA85: 351 | BB85: 352 | BC85: 353 | BD85: 354 | BE85: 355 | BF85: 356 | BG85: 357 | BH85: 358 | BJ85: =B86&"rd FLOOR" -> 3rd FLOOR
B86: 3 | C86: {=_xlfn.XLOOKUP(C85:BH85,'[1]111W_BUILDING MATRIX'!$B$8:$B$600,'[1]111W_BUILDING MATRIX'!$E$8:$E$600,"--")} -> A01-K24-A | D86: A02-K24 | E86: A03-K24-A | F86: A03-K24-M | G86: A03-K24-M | H86: A07-K24 | I86: A03-K24 | J86: C4-K24 | K86: A03-K24 | L86: A03-K24-M | M86: A03-K24-M | N86: A02-K24 | O86: C1-K30 | P86: -- | Q86: A04-K24 | R86: A01-K24-M | S86: A05-K30 | T86: A02-K24-A | U86: A03-K24-M | V86: A02-K24-AM | W86: A06-K24-AM | X86: A02-K24-M | Y86: A03-K24-AM | Z86: A07-K24 | AA86: B02L-K24 | AB86: B03L-K24-A | AC86: B04L-K24-A | AD86: A07-K24-A | AE86: A07-K24-AM | AF86: A09-K24-M | AG86: C2-K30 | AH86: C3-K30-A | AI86: B01L-K30 | AJ86: -- | AK86: A02-K24 | AL86: A03-K24 | AM86: A07-K24-M | AN86: A07-K24 | AO86: A10-K30 | AP86: A01-K24-M | AQ86: A04-K24 | AR86: A03-K24-M | AS86: B06L-K24 | AT86: A03-K24-M | AU86: A03-K24-M | AV86: A03-K24-M | AW86: A03-K24-M | AX86: A02-K24 | AY86: A07-K24-A | AZ86: A07-K24 | BA86: A03-K24-A | BB86: A02-K24-A | BC86: A07-K24-M | BD86: A11-K30 | BE86: -- | BF86: B02L-K24 | BG86: A03-K24-M | BH86: B12L-K24 | BJ86: =COUNTIF(C87:BH87, "D") -> 0 | BK86: KITCHENS DELIVERED out of | BN86: =COUNTIF(C87:BH87,"<>--") -> 55 | BO86: =BJ86/BN86 -> 0
C87: {=_xlfn.XLOOKUP(C85:BH85,'[1]111W_BUILDING MATRIX'!$B$8:$B$600,'[1]111W_BUILDING MATRIX'!$H$8:$H$600,"--")} -> PROJ | D87: PROJ | E87: PROJ | F87: PROJ | G87: PROJ | H87: PROJ | I87: PROJ | J87: PROJ | K87: PROJ | L87: PROJ | M87: PROJ | N87: PROJ | O87: PROJ | P87: -- | Q87: PROJ | R87: PROJ | S87: PROJ | T87: PROJ | U87: PROJ | V87: PROJ | W87: PROJ | X87: PROJ | Y87: PROJ | Z87: PROJ | AA87: PROJ | AB87: PROJ | AC87: PROJ | AD87: PROJ | AE87: PROJ | AF87: PROJ | AG87: PROJ | AH87: PROJ | AI87: PROJ | AJ87: -- | AK87: PROJ | AL87: PROJ | AM87: PROJ | AN87: PROJ | AO87: PROJ | AP87: PROJ | AQ87: PROJ | AR87: PROJ | AS87: PROJ | AT87: PROJ | AU87: PROJ | AV87: PROJ | AW87: PROJ | AX87: PROJ | AY87: PROJ | AZ87: PROJ | BA87: PROJ | BB87: PROJ | BC87: PROJ | BD87: PROJ | BE87: -- | BF87: PROJ | BG87: PROJ | BH87: PROJ

Sheet 111 Wall_CTNR Schedule
C2: 111 WALL-CONTAINER SCHEDULE | AL2: ="WEEK " & WEEKNUM( TODAY(), 21) -> WEEK 29
C3: FULL BREAKDOWN / SHIPPING LOGOISTICS
C5: CTNR INFORMATION | L5: LOADING SEQUENCE FR. FI | S5: SEA FREIGHT SHIPPED | W5: NY/NJ) | AA5: DELIVERY (3RD LEG) | AE5: PROJECT STATUS | AH5: PROJECT STATUS
C6: TOTAL TASKS | D6: CONT. STATUS | E6: CONT. # | F6: WEEK | G6: PICKUP WEEK | H6: FLOORS | I6: UNITS | J6: UNIT Q.ty | K6: ORDERED | L6: CONT. CODE | M6: CONT. SEAL | N6: ESTIMATED LOADING WEEK | O6: LOADED | P6: LOAD DATE | Q6: LOAD DAYS | R6: SHIPPED | S6: SHIP DATE | T6: VESSEL | U6: TRANSIT DAYS | V6: ARRIVAL | W6: ARRIVAL DATE | X6: PORT DAYS | Y6: PULLED | Z6: DELIVERED | AA6: DELIVERY DATE | AC6: TIME | AD6: LOADING AREA | AE6: ASK | AF6: CONFIRM | AG6: SENT INSTALL | AH6: ROJ | AI6: PROJECT STATUS (DELIVERED VS JOBSITE NEEDS) | AJ6: TOTAL COMMUTE | AK6: MISC NOTES | AL6: PROGRESS
C8: {='[1]111 Wall_Logistics Schedule'!$C$8:$AL$42} -> 9 | D8: PROJ | E8: 1 | F8: 32 | G8: Wk 32 | H8: 3 | I8: 301:313,315:321 | J8: 20 | K8: FALSE | L8: -- | M8: -- | N8: (08/03/26-08/09/26) | O8: FALSE | P8: 46240 | Q8: 5 | R8: FALSE | S8: 46245 | T8: -- | U8: 20 | V8: FALSE | W8: 46265 | X8: 5 | Y8: FALSE | Z8: FALSE | AA8: 46270 | AB8: Sat | AC8: -- | AD8: -- | AE8: FALSE | AF8: FALSE | AG8: FALSE | AH8: 46272 | AI8: -2 days | AJ8: -2 | AK8: 30 | AL8: -- | AP8: Date sorting Help tool
C9: 9 | D9: PROJ | E9: 2 | F9: 32 | G9: Wk 32 | H9: 3 | I9: 322:333,335:342 | J9: 20 | K9: FALSE | L9: -- | M9: -- | N9: (08/03/26-08/09/26) | O9: FALSE | P9: 46240 | Q9: 5 | R9: FALSE | S9: 46245 | T9: -- | U9: 20 | V9: FALSE | W9: 46265 | X9: 5 | Y9: FALSE | Z9: FALSE | AA9: 46270 | AB9: Sat | AC9: -- | AD9: -- | AE9: FALSE | AF9: FALSE | AG9: FALSE | AH9: 46272 | AI9: -2 days | AJ9: -2 | AK9: 30 | AL9: -- | AP9: {=_xlfn.LET(_xlpm.rng,$C$8:$AL$45,_xlpm.d,$AA$8:$AA$45,_xlpm.mask,(ISNUMBER(_xlpm.d))*(_xlpm.d>=TODAY()),_xlpm.rows_upcoming,_xlfn._xlws.FILTER(_xlpm.rng,_xlpm.mask),_xlpm.d_upcoming,_xlfn._xlws.FILTER(_xlpm.d,_xlpm.mask),_xlpm.sorted,_xlfn.SORTBY(_xlpm.rows_upcoming,_xlpm.d_upcoming,1,_xlfn._xlws.FILTER($E$8:$E$45,_xlpm.mask),1),_xlfn.TAKE(_xlpm.sorted,33))} -> 9 | AQ9: PROJ | AR9: 1 | AS9: 32 | AT9: Wk 32 | AU9: 3 | AV9: 301:313,315:321 | AW9: 20 | AX9: FALSE | AY9: -- | AZ9: -- | BA9: (08/03/26-08/09/26) | BB9: FALSE | BC9: 46240 | BD9: 5 | BE9: FALSE | BF9: 46245 | BG9: -- | BH9: 20 | BI9: FALSE | BJ9: 46265 | BK9: 5 | BL9: FALSE | BM9: FALSE | BN9: 46270 | BO9: Sat | BP9: -- | BQ9: -- | BR9: FALSE | BS9: FALSE | BT9: FALSE | BU9: 46272 | BV9: -2 days | BW9: -2 | BX9: 30 | BY9: --
C10: 9 | D10: PROJ | E10: 3 | F10: 32 | G10: Wk 32 | H10: 3,4 | I10: 343:349,352:354,356:358,401:407 | J10: 20 | K10: FALSE | L10: -- | M10: -- | N10: (08/03/26-08/09/26) | O10: FALSE | P10: 46240 | Q10: 5 | R10: FALSE | S10: 46245 | T10: -- | U10: 20 | V10: FALSE | W10: 46265 | X10: 5 | Y10: FALSE | Z10: FALSE | AA10: 46270 | AB10: Sat | AC10: -- | AD10: -- | AE10: FALSE | AF10: FALSE | AG10: FALSE | AH10: 46272 | AI10: -2 days | AJ10: -2 | AK10: 30 | AL10: -- | AP10: 9 | AQ10: PROJ | AR10: 2 | AS10: 32 | AT10: Wk 32 | AU10: 3 | AV10: 322:333,335:342 | AW10: 20 | AX10: FALSE | AY10: -- | AZ10: -- | BA10: (08/03/26-08/09/26) | BB10: FALSE | BC10: 46240 | BD10: 5 | BE10: FALSE | BF10: 46245 | BG10: -- | BH10: 20 | BI10: FALSE | BJ10: 46265 | BK10: 5 | BL10: FALSE | BM10: FALSE | BN10: 46270 | BO10: Sat | BP10: -- | BQ10: -- | BR10: FALSE | BS10: FALSE | BT10: FALSE | BU10: 46272 | BV10: -2 days | BW10: -2 | BX10: 30 | BY10: --
C11: 9 | D11: PROJ | E11: 4 | F11: 37 | G11: Wk 37 | H11: 4 | I11: 408:425 | J11: 18 | K11: FALSE | L11: -- | M11: -- | N11: (09/07/26-09/13/26) | O11: FALSE | P11: 46275 | Q11: 5 | R11: FALSE | S11: 46280 | T11: -- | U11: 20 | V11: FALSE | W11: 46300 | X11: 5 | Y11: FALSE | Z11: FALSE | AA11: 46305 | AB11: Sat | AC11: -- | AD11: -- | AE11: FALSE | AF11: FALSE | AG11: FALSE | AH11: 46300 | AI11: +5 days | AJ11: 5 | AK11: 30 | AL11: -- | AP11: 9 | AQ11: PROJ | AR11: 3 | AS11: 32 | AT11: Wk 32 | AU11: 3,4 | AV11: 343:349,352:354,356:358,401:407 | AW11: 20 | AX11: FALSE | AY11: -- | AZ11: -- | BA11: (08/03/26-08/09/26) | BB11: FALSE | BC11: 46240 | BD11: 5 | BE11: FALSE | BF11: 46245 | BG11: -- | BH11: 20 | BI11: FALSE | BJ11: 46265 | BK11: 5 | BL11: FALSE | BM11: FALSE | BN11: 46270 | BO11: Sat | BP11: -- | BQ11: -- | BR11: FALSE | BS11: FALSE | BT11: FALSE | BU11: 46272 | BV11: -2 days | BW11: -2 | BX11: 30 | BY11: --
C12: 9 | D12: PROJ | E12: 5 | F12: 37 | G12: Wk 37 | H12: 4 | I12: 426:443 | J12: 18 | K12: FALSE | L12: -- | M12: -- | N12: (09/07/26-09/13/26) | O12: FALSE | P12: 46275 | Q12: 5 | R12: FALSE | S12: 46280 | T12: -- | U12: 20 | V12: FALSE | W12: 46300 | X12: 5 | Y12: FALSE | Z12: FALSE | AA12: 46305 | AB12: Sat | AC12: -- | AD12: -- | AE12: FALSE | AF12: FALSE | AG12: FALSE | AH12: 46300 | AI12: +5 days | AJ12: 5 | AK12: 30 | AL12: -- | AP12: 9 | AQ12: PROJ | AR12: 4 | AS12: 37 | AT12: Wk 37 | AU12: 4 | AV12: 408:425 | AW12: 18 | AX12: FALSE | AY12: -- | AZ12: -- | BA12: (09/07/26-09/13/26) | BB12: FALSE | BC12: 46275 | BD12: 5 | BE12: FALSE | BF12: 46280 | BG12: -- | BH12: 20 | BI12: FALSE | BJ12: 46300 | BK12: 5 | BL12: FALSE | BM12: FALSE | BN12: 46305 | BO12: Sat | BP12: -- | BQ12: -- | BR12: FALSE | BS12: FALSE | BT12: FALSE | BU12: 46300 | BV12: +5 days | BW12: 5 | BX12: 30 | BY12: --
C13: 9 | D13: PROJ | E13: 6 | F13: 38 | G13: Wk 38 | H13: 4,5 | I13: 444:449,452:458,501:503 | J13: 16 | K13: FALSE | L13: -- | M13: -- | N13: (09/14/26-09/20/26) | O13: FALSE | P13: 46282 | Q13: 5 | R13: FALSE | S13: 46287 | T13: -- | U13: 20 | V13: FALSE | W13: 46307 | X13: 5 | Y13: FALSE | Z13: FALSE | AA13: 46312 | AB13: Sat | AC13: -- | AD13: -- | AE13: FALSE | AF13: FALSE | AG13: FALSE | AH13: 46300 | AI13: +12 days | AJ13: 12 | AK13: 30 | AL13: -- | AP13: 9 | AQ13: PROJ | AR13: 5 | AS13: 37 | AT13: Wk 37 | AU13: 4 | AV13: 426:443 | AW13: 18 | AX13: FALSE | AY13: -- | AZ13: -- | BA13: (09/07/26-09/13/26) | BB13: FALSE | BC13: 46275 | BD13: 5 | BE13: FALSE | BF13: 46280 | BG13: -- | BH13: 20 | BI13: FALSE | BJ13: 46300 | BK13: 5 | BL13: FALSE | BM13: FALSE | BN13: 46305 | BO13: Sat | BP13: -- | BQ13: -- | BR13: FALSE | BS13: FALSE | BT13: FALSE | BU13: 46300 | BV13: +5 days | BW13: 5 | BX13: 30 | BY13: --
C14: 9 | D14: PROJ | E14: 7 | F14: 38 | G14: Wk 38 | H14: 5 | I14: 504:521 | J14: 18 | K14: FALSE | L14: -- | M14: -- | N14: (09/14/26-09/20/26) | O14: FALSE | P14: 46282 | Q14: 5 | R14: FALSE | S14: 46287 | T14: -- | U14: 20 | V14: FALSE | W14: 46307 | X14: 5 | Y14: FALSE | Z14: FALSE | AA14: 46312 | AB14: Sat | AC14: -- | AD14: -- | AE14: FALSE | AF14: FALSE | AG14: FALSE | AH14: 46314 | AI14: -2 days | AJ14: -2 | AK14: 30 | AL14: -- | AP14: 9 | AQ14: PROJ | AR14: 6 | AS14: 38 | AT14: Wk 38 | AU14: 4,5 | AV14: 444:449,452:458,501:503 | AW14: 16 | AX14: FALSE | AY14: -- | AZ14: -- | BA14: (09/14/26-09/20/26) | BB14: FALSE | BC14: 46282 | BD14: 5 | BE14: FALSE | BF14: 46287 | BG14: -- | BH14: 20 | BI14: FALSE | BJ14: 46307 | BK14: 5 | BL14: FALSE | BM14: FALSE | BN14: 46312 | BO14: Sat | BP14: -- | BQ14: -- | BR14: FALSE | BS14: FALSE | BT14: FALSE | BU14: 46300 | BV14: +12 days | BW14: 12 | BX14: 30 | BY14: --
C15: 9 | D15: PROJ | E15: 8 | F15: 39 | G15: Wk 39 | H15: 5 | I15: 522:539 | J15: 18 | K15: FALSE | L15: -- | M15: -- | N15: (09/21/26-09/27/26) | O15: FALSE | P15: 46289 | Q15: 5 | R15: FALSE | S15: 46294 | T15: -- | U15: 20 | V15: FALSE | W15: 46314 | X15: 5 | Y15: FALSE | Z15: FALSE | AA15: 46319 | AB15: Sat | AC15: -- | AD15: -- | AE15: FALSE | AF15: FALSE | AG15: FALSE | AH15: 46314 | AI15: +5 days | AJ15: 5 | AK15: 30 | AL15: -- | AP15: 9 | AQ15: PROJ | AR15: 7 | AS15: 38 | AT15: Wk 38 | AU15: 5 | AV15: 504:521 | AW15: 18 | AX15: FALSE | AY15: -- | AZ15: -- | BA15: (09/14/26-09/20/26) | BB15: FALSE | BC15: 46282 | BD15: 5 | BE15: FALSE | BF15: 46287 | BG15: -- | BH15: 20 | BI15: FALSE | BJ15: 46307 | BK15: 5 | BL15: FALSE | BM15: FALSE | BN15: 46312 | BO15: Sat | BP15: -- | BQ15: -- | BR15: FALSE | BS15: FALSE | BT15: FALSE | BU15: 46314 | BV15: -2 days | BW15: -2 | BX15: 30 | BY15: --
C16: 9 | D16: PROJ | E16: 9 | F16: 39 | G16: Wk 39 | H16: 5 | I16: 540:549,552:557 | J16: 16 | K16: FALSE | L16: -- | M16: -- | N16: (09/21/26-09/27/26) | O16: FALSE | P16: 46289 | Q16: 5 | R16: FALSE | S16: 46294 | T16: -- | U16: 20 | V16: FALSE | W16: 46314 | X16: 5 | Y16: FALSE | Z16: FALSE | AA16: 46319 | AB16: Sat | AC16: -- | AD16: -- | AE16: FALSE | AF16: FALSE | AG16: FALSE | AH16: 46314 | AI16: +5 days | AJ16: 5 | AK16: 30 | AL16: -- | AP16: 9 | AQ16: PROJ | AR16: 8 | AS16: 39 | AT16: Wk 39 | AU16: 5 | AV16: 522:539 | AW16: 18 | AX16: FALSE | AY16: -- | AZ16: -- | BA16: (09/21/26-09/27/26) | BB16: FALSE | BC16: 46289 | BD16: 5 | BE16: FALSE | BF16: 46294 | BG16: -- | BH16: 20 | BI16: FALSE | BJ16: 46314 | BK16: 5 | BL16: FALSE | BM16: FALSE | BN16: 46319 | BO16: Sat | BP16: -- | BQ16: -- | BR16: FALSE | BS16: FALSE | BT16: FALSE | BU16: 46314 | BV16: +5 days | BW16: 5 | BX16: 30 | BY16: --
C17: 9 | D17: PROJ | E17: 10 | F17: 40 | G17: Wk 40 | H17: 5,6 | I17: 558,601:617 | J17: 18 | K17: FALSE | L17: -- | M17: -- | N17: (09/28/26-10/04/26) | O17: FALSE | P17: 46296 | Q17: 5 | R17: FALSE | S17: 46301 | T17: -- | U17: 20 | V17: FALSE | W17: 46321 | X17: 5 | Y17: FALSE | Z17: FALSE | AA17: 46326 | AB17: Sat | AC17: -- | AD17: -- | AE17: FALSE | AF17: FALSE | AG17: FALSE | AH17: 46314 | AI17: +12 days | AJ17: 12 | AK17: 30 | AL17: -- | AP17: 9 | AQ17: PROJ | AR17: 9 | AS17: 39 | AT17: Wk 39 | AU17: 5 | AV17: 540:549,552:557 | AW17: 16 | AX17: FALSE | AY17: -- | AZ17: -- | BA17: (09/21/26-09/27/26) | BB17: FALSE | BC17: 46289 | BD17: 5 | BE17: FALSE | BF17: 46294 | BG17: -- | BH17: 20 | BI17: FALSE | BJ17: 46314 | BK17: 5 | BL17: FALSE | BM17: FALSE | BN17: 46319 | BO17: Sat | BP17: -- | BQ17: -- | BR17: FALSE | BS17: FALSE | BT17: FALSE | BU17: 46314 | BV17: +5 days | BW17: 5 | BX17: 30 | BY17: --
C18: 9 | D18: PROJ | E18: 11 | F18: 40 | G18: Wk 40 | H18: 6 | I18: 618:635 | J18: 18 | K18: FALSE | L18: -- | M18: -- | N18: (09/28/26-10/04/26) | O18: FALSE | P18: 46296 | Q18: 5 | R18: FALSE | S18: 46301 | T18: -- | U18: 20 | V18: FALSE | W18: 46321 | X18: 5 | Y18: FALSE | Z18: FALSE | AA18: 46326 | AB18: Sat | AC18: -- | AD18: -- | AE18: FALSE | AF18: FALSE | AG18: FALSE | AH18: 46328 | AI18: -2 days | AJ18: -2 | AK18: 30 | AL18: -- | AP18: 9 | AQ18: PROJ | AR18: 10 | AS18: 40 | AT18: Wk 40 | AU18: 5,6 | AV18: 558,601:617 | AW18: 18 | AX18: FALSE | AY18: -- | AZ18: -- | BA18: (09/28/26-10/04/26) | BB18: FALSE | BC18: 46296 | BD18: 5 | BE18: FALSE | BF18: 46301 | BG18: -- | BH18: 20 | BI18: FALSE | BJ18: 46321 | BK18: 5 | BL18: FALSE | BM18: FALSE | BN18: 46326 | BO18: Sat | BP18: -- | BQ18: -- | BR18: FALSE | BS18: FALSE | BT18: FALSE | BU18: 46314 | BV18: +12 days | BW18: 12 | BX18: 30 | BY18: --
C19: 9 | D19: PROJ | E19: 12 | F19: 41 | G19: Wk 41 | H19: 6 | I19: 636:649,652:653 | J19: 16 | K19: FALSE | L19: -- | M19: -- | N19: (10/05/26-10/11/26) | O19: FALSE | P19: 46303 | Q19: 5 | R19: FALSE | S19: 46308 | T19: -- | U19: 20 | V19: FALSE | W19: 46328 | X19: 5 | Y19: FALSE | Z19: FALSE | AA19: 46333 | AB19: Sat | AC19: -- | AD19: -- | AE19: FALSE | AF19: FALSE | AG19: FALSE | AH19: 46328 | AI19: +5 days | AJ19: 5 | AK19: 30 | AL19: -- | AP19: 9 | AQ19: PROJ | AR19: 11 | AS19: 40 | AT19: Wk 40 | AU19: 6 | AV19: 618:635 | AW19: 18 | AX19: FALSE | AY19: -- | AZ19: -- | BA19: (09/28/26-10/04/26) | BB19: FALSE | BC19: 46296 | BD19: 5 | BE19: FALSE | BF19: 46301 | BG19: -- | BH19: 20 | BI19: FALSE | BJ19: 46321 | BK19: 5 | BL19: FALSE | BM19: FALSE | BN19: 46326 | BO19: Sat | BP19: -- | BQ19: -- | BR19: FALSE | BS19: FALSE | BT19: FALSE | BU19: 46328 | BV19: -2 days | BW19: -2 | BX19: 30 | BY19: --
C20: 9 | D20: PROJ | E20: 13 | F20: 41 | G20: Wk 41 | H20: 6,7 | I20: 654:658,701:713 | J20: 18 | K20: FALSE | L20: -- | M20: -- | N20: (10/05/26-10/11/26) | O20: FALSE | P20: 46303 | Q20: 5 | R20: FALSE | S20: 46308 | T20: -- | U20: 20 | V20: FALSE | W20: 46328 | X20: 5 | Y20: FALSE | Z20: FALSE | AA20: 46333 | AB20: Sat | AC20: -- | AD20: -- | AE20: FALSE | AF20: FALSE | AG20: FALSE | AH20: 46328 | AI20: +5 days | AJ20: 5 | AK20: 30 | AL20: -- | AP20: 9 | AQ20: PROJ | AR20: 12 | AS20: 41 | AT20: Wk 41 | AU20: 6 | AV20: 636:649,652:653 | AW20: 16 | AX20: FALSE | AY20: -- | AZ20: -- | BA20: (10/05/26-10/11/26) | BB20: FALSE | BC20: 46303 | BD20: 5 | BE20: FALSE | BF20: 46308 | BG20: -- | BH20: 20 | BI20: FALSE | BJ20: 46328 | BK20: 5 | BL20: FALSE | BM20: FALSE | BN20: 46333 | BO20: Sat | BP20: -- | BQ20: -- | BR20: FALSE | BS20: FALSE | BT20: FALSE | BU20: 46328 | BV20: +5 days | BW20: 5 | BX20: 30 | BY20: --
C21: 9 | D21: PROJ | E21: 14 | F21: 42 | G21: Wk 42 | H21: 7 | I21: 714:731 | J21: 18 | K21: FALSE | L21: -- | M21: -- | N21: (10/12/26-10/18/26) | O21: FALSE | P21: 46310 | Q21: 5 | R21: FALSE | S21: 46315 | T21: -- | U21: 20 | V21: FALSE | W21: 46335 | X21: 5 | Y21: FALSE | Z21: FALSE | AA21: 46340 | AB21: Sat | AC21: -- | AD21: -- | AE21: FALSE | AF21: FALSE | AG21: FALSE | AH21: 46342 | AI21: -2 days | AJ21: -2 | AK21: 30 | AL21: -- | AP21: 9 | AQ21: PROJ | AR21: 13 | AS21: 41 | AT21: Wk 41 | AU21: 6,7 | AV21: 654:658,701:713 | AW21: 18 | AX21: FALSE | AY21: -- | AZ21: -- | BA21: (10/05/26-10/11/26) | BB21: FALSE | BC21: 46303 | BD21: 5 | BE21: FALSE | BF21: 46308 | BG21: -- | BH21: 20 | BI21: FALSE | BJ21: 46328 | BK21: 5 | BL21: FALSE | BM21: FALSE | BN21: 46333 | BO21: Sat | BP21: -- | BQ21: -- | BR21: FALSE | BS21: FALSE | BT21: FALSE | BU21: 46328 | BV21: +5 days | BW21: 5 | BX21: 30 | BY21: --
... C38: 9 | D38: PROJ | E38: 31 | F38: 51 | G38: Wk 51 | H38: 12 | I38: 1230:1247 | J38: 18 | K38: FALSE | L38: -- | M38: -- | N38: (12/14/26-12/20/26) | O38: FALSE | P38: 46373 | Q38: 5 | R38: FALSE | S38: 46378 | T38: -- | U38: 20 | V38: FALSE | W38: 46398 | X38: 5 | Y38: FALSE | Z38: FALSE | AA38: 46403 | AB38: Sat | AC38: -- | AD38: -- | AE38: FALSE | AF38: FALSE | AG38: FALSE | AH38: 46412 | AI38: -9 days | AJ38: -9 | AK38: 30 | AL38: -- | AP38: 9 | AQ38: PROJ | AR38: 30 | AS38: 51 | AT38: Wk 51 | AU38: 12 | AV38: 1212:1229 | AW38: 18 | AX38: FALSE | AY38: -- | AZ38: -- | BA38: (12/14/26-12/20/26) | BB38: FALSE | BC38: 46373 | BD38: 5 | BE38: FALSE | BF38: 46378 | BG38: -- | BH38: 20 | BI38: FALSE | BJ38: 46398 | BK38: 5 | BL38: FALSE | BM38: FALSE | BN38: 46403 | BO38: Sat | BP38: -- | BQ38: -- | BR38: FALSE | BS38: FALSE | BT38: FALSE | BU38: 46412 | BV38: -9 days | BW38: -9 | BX38: 30 | BY38: HOIST
C39: 9 | D39: PROJ | E39: Doors | F39: 54 | G39: Wk 54 | H39: 3 | I39: 3rd Floor Doors | J39: 58 | K39: FALSE | L39: -- | M39: -- | N39: (01/04/27-01/10/27) | O39: FALSE | P39: 46394 | Q39: 5 | R39: FALSE | S39: 46399 | T39: -- | U39: 20 | V39: FALSE | W39: 46419 | X39: 5 | Y39: FALSE | Z39: FALSE | AA39: 46424 | AB39: Sat | AC39: -- | AD39: -- | AE39: FALSE | AF39: FALSE | AG39: FALSE | AH39: unknown | AK39: 30 | AL39: -- | AP39: 9 | AQ39: PROJ | AR39: 31 | AS39: 51 | AT39: Wk 51 | AU39: 12 | AV39: 1230:1247 | AW39: 18 | AX39: FALSE | AY39: -- | AZ39: -- | BA39: (12/14/26-12/20/26) | BB39: FALSE | BC39: 46373 | BD39: 5 | BE39: FALSE | BF39: 46378 | BG39: -- | BH39: 20 | BI39: FALSE | BJ39: 46398 | BK39: 5 | BL39: FALSE | BM39: FALSE | BN39: 46403 | BO39: Sat | BP39: -- | BQ39: -- | BR39: FALSE | BS39: FALSE | BT39: FALSE | BU39: 46412 | BV39: -9 days | BW39: -9 | BX39: 30 | BY39: --
C40: 9 | D40: PROJ | E40: H1 | F40: 51 | G40: Wk 51 | H40: 3:10 | I40: 350:351,450:451,550:551,650:651,750:751,850:851,950:951,1050:1051 | J40: 16 | K40: FALSE | L40: -- | M40: -- | N40: (12/14/26-12/20/26) | O40: FALSE | P40: 46373 | Q40: 5 | R40: FALSE | S40: 46378 | T40: -- | U40: 20 | V40: FALSE | W40: 46398 | X40: 5 | Y40: FALSE | Z40: FALSE | AA40: 46403 | AB40: 0 | AC40: -- | AD40: -- | AE40: FALSE | AF40: FALSE | AG40: FALSE | AH40: 46384 | AI40: +19 days | AJ40: 19 | AK40: 30 | AL40: -- | AP40: 9 | AQ40: PROJ | AR40: H1 | AS40: 51 | AT40: Wk 51 | AU40: 3:10 | AV40: 350:351,450:451,550:551,650:651,750:751,850:851,950:951,1050:1051 | AW40: 16 | AX40: FALSE | AY40: -- | AZ40: -- | BA40: (12/14/26-12/20/26) | BB40: FALSE | BC40: 46373 | BD40: 5 | BE40: FALSE | BF40: 46378 | BG40: -- | BH40: 20 | BI40: FALSE | BJ40: 46398 | BK40: 5 | BL40: FALSE | BM40: FALSE | BN40: 46403 | BO40: 0 | BP40: -- | BQ40: -- | BR40: FALSE | BS40: FALSE | BT40: FALSE | BU40: 46384 | BV40: +19 days | BW40: 19 | BX40: 30 | BY40: --
C41: 0 | D41: 0 | E41: 0 | F41: 0 | G41: 0 | H41: 0 | I41: 0 | J41: 0 | K41: 0 | L41: 0 | M41: 0 | N41: 0 | O41: 0 | P41: 0 | Q41: 0 | R41: 0 | S41: 0 | T41: 0 | U41: 0 | V41: 0 | W41: 0 | X41: 0 | Y41: 0 | Z41: 0 | AA41: 0 | AB41: 0 | AC41: 0 | AD41: 0 | AE41: 0 | AF41: 0 | AG41: 0 | AH41: 0 | AI41: 0 | AJ41: 0 | AK41: 0 | AL41: 0 | AP41: 9 | AQ41: PROJ | AR41: Doors | AS41: 54 | AT41: Wk 54 | AU41: 3 | AV41: 3rd Floor Doors | AW41: 58 | AX41: FALSE | AY41: -- | AZ41: -- | BA41: (01/04/27-01/10/27) | BB41: FALSE | BC41: 46394 | BD41: 5 | BE41: FALSE | BF41: 46399 | BG41: -- | BH41: 20 | BI41: FALSE | BJ41: 46419 | BK41: 5 | BL41: FALSE | BM41: FALSE | BN41: 46424 | BO41: Sat | BP41: -- | BQ41: -- | BR41: FALSE | BS41: FALSE | BT41: FALSE | BU41: unknown | BX41: 30 | BY41: --
C42: 0 | D42: 0 | E42: 0 | F42: 0 | G42: 0 | H42: 0 | I42: 0 | J42: 0 | K42: 0 | L42: 0 | M42: 0 | N42: 0 | O42: 0 | P42: 0 | Q42: 0 | R42: 0 | S42: 0 | T42: 0 | U42: 0 | V42: 0 | W42: 0 | X42: 0 | Y42: 0 | Z42: 0 | AA42: 0 | AB42: 0 | AC42: 0 | AD42: 0 | AE42: 0 | AF42: 0 | AG42: 0 | AH42: 0 | AI42: 0 | AJ42: 0 | AK42: 0 | AL42: 0

Sheet 111 Wall to CCM
B2: #VALUE! | C2: 111 Wall - Concerto Millwork - Scheduling | N2: =TODAY() -> 46217
C3: Apartment Tower - 58 units x X floors | O3: ="WEEK " &WEEKNUM(TODAY()) -> WEEK 29
B6: Total Containers | D6: Units Delivered | H6: Container Status | L6: Damages
B7: =COUNTIF('111 Wall_CTNR Schedule'!E8:E45,"<>") -> 35 | D7: =SUMIF('111 Wall_CTNR Schedule'!D8:D45,"D", '111 Wall_CTNR Schedule'!J8:J45) -> 0 | H7: PROJECTED | I7: {=SUMPRODUCT(--('111 Wall_CTNR Schedule'!D$8:D$45="PROJ"))} -> 33 | J7: =SUM(I7)/SUM($I$7:$I$12) -> 1 | L7: TBD
B8: TCO 1 + Only | D8: ="Of "&SUM('111 Wall_CTNR Schedule'!J8:J45) & " Units" -> Of 622 Units | H8: LOADING | I8: {=SUMPRODUCT(--('111 Wall_CTNR Schedule'!D$8:D$45="LDG"))} -> 0 | J8: =SUM(I8)/SUM($I$7:$I$12) -> 0
H9: LOADED | I9: {=SUMPRODUCT(--('111 Wall_CTNR Schedule'!D$8:D$45="LDD"))} -> 0 | J9: =SUM(I9)/SUM($I$7:$I$12) -> 0
H10: ENROUTE | I10: {=SUMPRODUCT(--('111 Wall_CTNR Schedule'!D$8:D$45="ENR"))} -> 0 | J10: =SUM(I10)/SUM($I$7:$I$12) -> 0
B11: Transit Performance | H11: IN PORT | I11: {=SUMPRODUCT(--('111 Wall_CTNR Schedule'!D$8:D$45="INPRT"))} -> 0 | J11: =SUM(I11)/SUM($I$7:$I$12) -> 0
B12: Average Load Days | D12: =AVERAGE('111 Wall_CTNR Schedule'!Q8:Q45) -> 4.7142857 | H12: DELIVERED | I12: {=SUMPRODUCT(--('111 Wall_CTNR Schedule'!D$8:D$45="D"))} -> 0 | J12: =SUM(I12)/SUM($I$7:$I$12) -> 0
B13: Average Sea Transit Days | D13: =AVERAGE('111 Wall_CTNR Schedule'!U8:U45) -> 18.857143
B14: Average In Port Days | D14: =AVERAGE('111 Wall_CTNR Schedule'!X8:X45) -> 4.7142857
B15: Total Transit Time | D15: =SUM(D12:D14) -> 28.285714
B19: Container Schedule
B20: CTNR No. | C20: Status | D20: CTNR Code | E20: Load WK | F20: Load Date | G20: ETA NY | H20: DELIVERY | I20: Confirmed? | J20: Floor | K20: Unit Q.ty | M20: Units
B21: NEXT UP
B22: {=IF('111 Wall_CTNR Schedule'!E8:E40=0," ","CTN " & '111 Wall_CTNR Schedule'!E8:E40)} -> CTN 1 | C22: {=IF('111 Wall_CTNR Schedule'!D8:D40=0," ",'111 Wall_CTNR Schedule'!D8:D40)} -> PROJ | D22: {=IF('111 Wall_CTNR Schedule'!L8:L40=0," ",'111 Wall_CTNR Schedule'!L8:L40)} -> -- | E22: {=IF('111 Wall_CTNR Schedule'!F8:F45=0," ","Wk " &'111 Wall_CTNR Schedule'!F8:F45)} -> Wk 32 | F22: {=IF('111 Wall_CTNR Schedule'!P8:P45=0," ",TEXT('111 Wall_CTNR Schedule'!P8:P45, "mmm-dd"))} -> Aug-06 | G22: {=IF('111 Wall_CTNR Schedule'!W8:W45=0," ",TEXT('111 Wall_CTNR Schedule'!W8:W45,"mmm-dd"))} -> Aug-31 | H22: {=IF('111 Wall_CTNR Schedule'!AA8:AA45=0," ",TEXT('111 Wall_CTNR Schedule'!AA8:AA45,"ddd mmm dd"))} -> Sat Sep 05 | I22: {=IF('111 Wall_CTNR Schedule'!E8:E45=0," ",IF('111 Wall_CTNR Schedule'!AF8:AF45=TRUE,"Confirmed","ETA"))} -> ETA | J22: {=IF('111 Wall_CTNR Schedule'!H8:H45=0," ","FL " & '111 Wall_CTNR Schedule'!H8:H45)} -> FL 3 | K22: {=IF('111 Wall_CTNR Schedule'!J8:J45=0," ",'111 Wall_CTNR Schedule'!J8:J45& "x")} -> 20x | M22: {=IF('111 Wall_CTNR Schedule'!I8:I45=0," ",'111 Wall_CTNR Schedule'!I8:I45)} -> 301:313,315:321
B23: CTN 2 | C23: PROJ | D23: -- | E23: Wk 32 | F23: Aug-06 | G23: Aug-31 | H23: Sat Sep 05 | I23: ETA | J23: FL 3 | K23: 20x | M23: 322:333,335:342
B24: CTN 3 | C24: PROJ | D24: -- | E24: Wk 32 | F24: Aug-06 | G24: Aug-31 | H24: Sat Sep 05 | I24: ETA | J24: FL 3,4 | K24: 20x | M24: 343:349,352:354,356:358,401:407
B25: CTN 4 | C25: PROJ | D25: -- | E25: Wk 37 | F25: Sep-10 | G25: Oct-05 | H25: Sat Oct 10 | I25: ETA | J25: FL 4 | K25: 18x | M25: 408:425
B26: CTN 5 | C26: PROJ | D26: -- | E26: Wk 37 | F26: Sep-10 | G26: Oct-05 | H26: Sat Oct 10 | I26: ETA | J26: FL 4 | K26: 18x | M26: 426:443
B27: CTN 6 | C27: PROJ | D27: -- | E27: Wk 38 | F27: Sep-17 | G27: Oct-12 | H27: Sat Oct 17 | I27: ETA | J27: FL 4,5 | K27: 16x | M27: 444:449,452:458,501:503
B28: CTN 7 | C28: PROJ | D28: -- | E28: Wk 38 | F28: Sep-17 | G28: Oct-12 | H28: Sat Oct 17 | I28: ETA | J28: FL 5 | K28: 18x | M28: 504:521
B29: CTN 8 | C29: PROJ | D29: -- | E29: Wk 39 | F29: Sep-24 | G29: Oct-19 | H29: Sat Oct 24 | I29: ETA | J29: FL 5 | K29: 18x | M29: 522:539
B30: CTN 9 | C30: PROJ | D30: -- | E30: Wk 39 | F30: Sep-24 | G30: Oct-19 | H30: Sat Oct 24 | I30: ETA | J30: FL 5 | K30: 16x | M30: 540:549,552:557
B31: CTN 10 | C31: PROJ | D31: -- | E31: Wk 40 | F31: Oct-01 | G31: Oct-26 | H31: Sat Oct 31 | I31: ETA | J31: FL 5,6 | K31: 18x | M31: 558,601:617
B32: CTN 11 | C32: PROJ | D32: -- | E32: Wk 40 | F32: Oct-01 | G32: Oct-26 | H32: Sat Oct 31 | I32: ETA | J32: FL 6 | K32: 18x | M32: 618:635
B33: CTN 12 | C33: PROJ | D33: -- | E33: Wk 41 | F33: Oct-08 | G33: Nov-02 | H33: Sat Nov 07 | I33: ETA | J33: FL 6 | K33: 16x | M33: 636:649,652:653
B34: CTN 13 | C34: PROJ | D34: -- | E34: Wk 41 | F34: Oct-08 | G34: Nov-02 | H34: Sat Nov 07 | I34: ETA | J34: FL 6,7 | K34: 18x | M34: 654:658,701:713
... B54: CTN H1 | C54: PROJ | D54: -- | E54: Wk 51 | F54: Dec-17 | G54: Jan-11 | H54: Sat Jan 16 | I54: ETA | J54: FL 3:10 | K54: 16x | M54: 350:351,450:451,550:551,650:651,750:751,850:851,950:951,1050:1051

Sheet CTNR-Floor
B3: 111 WALL CTNR/FLOOR
B5: TCO# | C5: Floor # | D5: ROJ Date | E5: CTNRs
B6: TCO#1 | C6: {=ROW(3:29)} -> 3 | D6: {='[1]ROJ Dates'!$D$6:$D$32} -> 46272 | E6: {=IFERROR("CTN " & INDEX('111 Wall_CTNR Schedule'!$E$8:$E$40,SMALL(IF(LEFT(SUBSTITUTE('111 Wall_CTNR Schedule'!$H$8:$H$40," ","")&",",LEN($C6&"")+1)=$C6&",",ROW('111 Wall_CTNR Schedule'!$H$8:$H$40)-ROW('111 Wall_CTNR Schedule'!$H$8)+1),COLUMNS($D6:D6))),"")} -> CTN 1 | F6: {=IFERROR("CTN " & INDEX('111 Wall_CTNR Schedule'!$E$8:$E$40,SMALL(IF(LEFT(SUBSTITUTE('111 Wall_CTNR Schedule'!$H$8:$H$40," ","")&",",LEN($C6&"")+1)=$C6&",",ROW('111 Wall_CTNR Schedule'!$H$8:$H$40)-ROW('111 Wall_CTNR Schedule'!$H$8)+1),COLUMNS($D6:E6))),"")} -> CTN 2 | G6: {=IFERROR("CTN " & INDEX('111 Wall_CTNR Schedule'!$E$8:$E$40,SMALL(IF(LEFT(SUBSTITUTE('111 Wall_CTNR Schedule'!$H$8:$H$40," ","")&",",LEN($C6&"")+1)=$C6&",",ROW('111 Wall_CTNR Schedule'!$H$8:$H$40)-ROW('111 Wall_CTNR Schedule'!$H$8)+1),COLUMNS($D6:F6))),"")} -> CTN 3 | H6: {=IFERROR("CTN " & INDEX('111 Wall_CTNR Schedule'!$E$8:$E$40,SMALL(IF(LEFT(SUBSTITUTE('111 Wall_CTNR Schedule'!$H$8:$H$40," ","")&",",LEN($C6&"")+1)=$C6&",",ROW('111 Wall_CTNR Schedule'!$H$8:$H$40)-ROW('111 Wall_CTNR Schedule'!$H$8)+1),COLUMNS($D6:G6))),"")} -> CTN Doors | I6: {=IFERROR("CTN " & INDEX('111 Wall_CTNR Schedule'!$E$8:$E$40,SMALL(IF(LEFT(SUBSTITUTE('111 Wall_CTNR Schedule'!$H$8:$H$40," ","")&",",LEN($C6&"")+1)=$C6&",",ROW('111 Wall_CTNR Schedule'!$H$8:$H$40)-ROW('111 Wall_CTNR Schedule'!$H$8)+1),COLUMNS($D6:H6))),"")} | J6: {=IFERROR("CTN " & INDEX('111 Wall_CTNR Schedule'!$E$8:$E$40,SMALL(IF(LEFT(SUBSTITUTE('111 Wall_CTNR Schedule'!$H$8:$H$40," ","")&",",LEN($C6&"")+1)=$C6&",",ROW('111 Wall_CTNR Schedule'!$H$8:$H$40)-ROW('111 Wall_CTNR Schedule'!$H$8)+1),COLUMNS($D6:I6))),"")} | K6: {=IFERROR("CTN " & INDEX('111 Wall_CTNR Schedule'!$E$8:$E$40,SMALL(IF(LEFT(SUBSTITUTE('111 Wall_CTNR Schedule'!$H$8:$H$40," ","")&",",LEN($C6&"")+1)=$C6&",",ROW('111 Wall_CTNR Schedule'!$H$8:$H$40)-ROW('111 Wall_CTNR Schedule'!$H$8)+1),COLUMNS($D6:J6))),"")} | L6: {=IFERROR("CTN " & INDEX('111 Wall_CTNR Schedule'!$E$8:$E$40,SMALL(IF(LEFT(SUBSTITUTE('111 Wall_CTNR Schedule'!$H$8:$H$40," ","")&",",LEN($C6&"")+1)=$C6&",",ROW('111 Wall_CTNR Schedule'!$H$8:$H$40)-ROW('111 Wall_CTNR Schedule'!$H$8)+1),COLUMNS($D6:K6))),"")} | ... N6: {=IFERROR("CTN " & INDEX('111 Wall_CTNR Schedule'!$E$8:$E$40,SMALL(IF(LEFT(SUBSTITUTE('111 Wall_CTNR Schedule'!$H$8:$H$40," ","")&",",LEN($C6&"")+1)=$C6&",",ROW('111 Wall_CTNR Schedule'!$H$8:$H$40)-ROW('111 Wall_CTNR Schedule'!$H$8)+1),COLUMNS($D6:M6))),"")}
C7: 4 | D7: 46300 | E7: {=IFERROR("CTN " & INDEX('111 Wall_CTNR Schedule'!$E$8:$E$40,SMALL(IF(LEFT(SUBSTITUTE('111 Wall_CTNR Schedule'!$H$8:$H$40," ","")&",",LEN($C7&"")+1)=$C7&",",ROW('111 Wall_CTNR Schedule'!$H$8:$H$40)-ROW('111 Wall_CTNR Schedule'!$H$8)+1),COLUMNS($D7:D7))),"")} -> CTN 4 | F7: {=IFERROR("CTN " & INDEX('111 Wall_CTNR Schedule'!$E$8:$E$40,SMALL(IF(LEFT(SUBSTITUTE('111 Wall_CTNR Schedule'!$H$8:$H$40," ","")&",",LEN($C7&"")+1)=$C7&",",ROW('111 Wall_CTNR Schedule'!$H$8:$H$40)-ROW('111 Wall_CTNR Schedule'!$H$8)+1),COLUMNS($D7:E7))),"")} -> CTN 5 | G7: {=IFERROR("CTN " & INDEX('111 Wall_CTNR Schedule'!$E$8:$E$40,SMALL(IF(LEFT(SUBSTITUTE('111 Wall_CTNR Schedule'!$H$8:$H$40," ","")&",",LEN($C7&"")+1)=$C7&",",ROW('111 Wall_CTNR Schedule'!$H$8:$H$40)-ROW('111 Wall_CTNR Schedule'!$H$8)+1),COLUMNS($D7:F7))),"")} -> CTN 6 | H7: {=IFERROR("CTN " & INDEX('111 Wall_CTNR Schedule'!$E$8:$E$40,SMALL(IF(LEFT(SUBSTITUTE('111 Wall_CTNR Schedule'!$H$8:$H$40," ","")&",",LEN($C7&"")+1)=$C7&",",ROW('111 Wall_CTNR Schedule'!$H$8:$H$40)-ROW('111 Wall_CTNR Schedule'!$H$8)+1),COLUMNS($D7:G7))),"")} | I7: {=IFERROR("CTN " & INDEX('111 Wall_CTNR Schedule'!$E$8:$E$40,SMALL(IF(LEFT(SUBSTITUTE('111 Wall_CTNR Schedule'!$H$8:$H$40," ","")&",",LEN($C7&"")+1)=$C7&",",ROW('111 Wall_CTNR Schedule'!$H$8:$H$40)-ROW('111 Wall_CTNR Schedule'!$H$8)+1),COLUMNS($D7:H7))),"")} | J7: {=IFERROR("CTN " & INDEX('111 Wall_CTNR Schedule'!$E$8:$E$40,SMALL(IF(LEFT(SUBSTITUTE('111 Wall_CTNR Schedule'!$H$8:$H$40," ","")&",",LEN($C7&"")+1)=$C7&",",ROW('111 Wall_CTNR Schedule'!$H$8:$H$40)-ROW('111 Wall_CTNR Schedule'!$H$8)+1),COLUMNS($D7:I7))),"")} | K7: {=IFERROR("CTN " & INDEX('111 Wall_CTNR Schedule'!$E$8:$E$40,SMALL(IF(LEFT(SUBSTITUTE('111 Wall_CTNR Schedule'!$H$8:$H$40," ","")&",",LEN($C7&"")+1)=$C7&",",ROW('111 Wall_CTNR Schedule'!$H$8:$H$40)-ROW('111 Wall_CTNR Schedule'!$H$8)+1),COLUMNS($D7:J7))),"")} | L7: {=IFERROR("CTN " & INDEX('111 Wall_CTNR Schedule'!$E$8:$E$40,SMALL(IF(LEFT(SUBSTITUTE('111 Wall_CTNR Schedule'!$H$8:$H$40," ","")&",",LEN($C7&"")+1)=$C7&",",ROW('111 Wall_CTNR Schedule'!$H$8:$H$40)-ROW('111 Wall_CTNR Schedule'!$H$8)+1),COLUMNS($D7:K7))),"")} | ... N7: {=IFERROR("CTN " & INDEX('111 Wall_CTNR Schedule'!$E$8:$E$40,SMALL(IF(LEFT(SUBSTITUTE('111 Wall_CTNR Schedule'!$H$8:$H$40," ","")&",",LEN($C7&"")+1)=$C7&",",ROW('111 Wall_CTNR Schedule'!$H$8:$H$40)-ROW('111 Wall_CTNR Schedule'!$H$8)+1),COLUMNS($D7:M7))),"")}
C8: 5 | D8: 46314 | E8: {=IFERROR("CTN " & INDEX('111 Wall_CTNR Schedule'!$E$8:$E$40,SMALL(IF(LEFT(SUBSTITUTE('111 Wall_CTNR Schedule'!$H$8:$H$40," ","")&",",LEN($C8&"")+1)=$C8&",",ROW('111 Wall_CTNR Schedule'!$H$8:$H$40)-ROW('111 Wall_CTNR Schedule'!$H$8)+1),COLUMNS($D8:D8))),"")} -> CTN 7 | F8: {=IFERROR("CTN " & INDEX('111 Wall_CTNR Schedule'!$E$8:$E$40,SMALL(IF(LEFT(SUBSTITUTE('111 Wall_CTNR Schedule'!$H$8:$H$40," ","")&",",LEN($C8&"")+1)=$C8&",",ROW('111 Wall_CTNR Schedule'!$H$8:$H$40)-ROW('111 Wall_CTNR Schedule'!$H$8)+1),COLUMNS($D8:E8))),"")} -> CTN 8 | G8: {=IFERROR("CTN " & INDEX('111 Wall_CTNR Schedule'!$E$8:$E$40,SMALL(IF(LEFT(SUBSTITUTE('111 Wall_CTNR Schedule'!$H$8:$H$40," ","")&",",LEN($C8&"")+1)=$C8&",",ROW('111 Wall_CTNR Schedule'!$H$8:$H$40)-ROW('111 Wall_CTNR Schedule'!$H$8)+1),COLUMNS($D8:F8))),"")} -> CTN 9 | H8: {=IFERROR("CTN " & INDEX('111 Wall_CTNR Schedule'!$E$8:$E$40,SMALL(IF(LEFT(SUBSTITUTE('111 Wall_CTNR Schedule'!$H$8:$H$40," ","")&",",LEN($C8&"")+1)=$C8&",",ROW('111 Wall_CTNR Schedule'!$H$8:$H$40)-ROW('111 Wall_CTNR Schedule'!$H$8)+1),COLUMNS($D8:G8))),"")} -> CTN 10 | I8: {=IFERROR("CTN " & INDEX('111 Wall_CTNR Schedule'!$E$8:$E$40,SMALL(IF(LEFT(SUBSTITUTE('111 Wall_CTNR Schedule'!$H$8:$H$40," ","")&",",LEN($C8&"")+1)=$C8&",",ROW('111 Wall_CTNR Schedule'!$H$8:$H$40)-ROW('111 Wall_CTNR Schedule'!$H$8)+1),COLUMNS($D8:H8))),"")} | J8: {=IFERROR("CTN " & INDEX('111 Wall_CTNR Schedule'!$E$8:$E$40,SMALL(IF(LEFT(SUBSTITUTE('111 Wall_CTNR Schedule'!$H$8:$H$40," ","")&",",LEN($C8&"")+1)=$C8&",",ROW('111 Wall_CTNR Schedule'!$H$8:$H$40)-ROW('111 Wall_CTNR Schedule'!$H$8)+1),COLUMNS($D8:I8))),"")} | K8: {=IFERROR("CTN " & INDEX('111 Wall_CTNR Schedule'!$E$8:$E$40,SMALL(IF(LEFT(SUBSTITUTE('111 Wall_CTNR Schedule'!$H$8:$H$40," ","")&",",LEN($C8&"")+1)=$C8&",",ROW('111 Wall_CTNR Schedule'!$H$8:$H$40)-ROW('111 Wall_CTNR Schedule'!$H$8)+1),COLUMNS($D8:J8))),"")} | L8: {=IFERROR("CTN " & INDEX('111 Wall_CTNR Schedule'!$E$8:$E$40,SMALL(IF(LEFT(SUBSTITUTE('111 Wall_CTNR Schedule'!$H$8:$H$40," ","")&",",LEN($C8&"")+1)=$C8&",",ROW('111 Wall_CTNR Schedule'!$H$8:$H$40)-ROW('111 Wall_CTNR Schedule'!$H$8)+1),COLUMNS($D8:K8))),"")} | ... N8: {=IFERROR("CTN " & INDEX('111 Wall_CTNR Schedule'!$E$8:$E$40,SMALL(IF(LEFT(SUBSTITUTE('111 Wall_CTNR Schedule'!$H$8:$H$40," ","")&",",LEN($C8&"")+1)=$C8&",",ROW('111 Wall_CTNR Schedule'!$H$8:$H$40)-ROW('111 Wall_CTNR Schedule'!$H$8)+1),COLUMNS($D8:M8))),"")}
C9: 6 | D9: 46328 | E9: {=IFERROR("CTN " & INDEX('111 Wall_CTNR Schedule'!$E$8:$E$40,SMALL(IF(LEFT(SUBSTITUTE('111 Wall_CTNR Schedule'!$H$8:$H$40," ","")&",",LEN($C9&"")+1)=$C9&",",ROW('111 Wall_CTNR Schedule'!$H$8:$H$40)-ROW('111 Wall_CTNR Schedule'!$H$8)+1),COLUMNS($D9:D9))),"")} -> CTN 11 | F9: {=IFERROR("CTN " & INDEX('111 Wall_CTNR Schedule'!$E$8:$E$40,SMALL(IF(LEFT(SUBSTITUTE('111 Wall_CTNR Schedule'!$H$8:$H$40," ","")&",",LEN($C9&"")+1)=$C9&",",ROW('111 Wall_CTNR Schedule'!$H$8:$H$40)-ROW('111 Wall_CTNR Schedule'!$H$8)+1),COLUMNS($D9:E9))),"")} -> CTN 12 | G9: {=IFERROR("CTN " & INDEX('111 Wall_CTNR Schedule'!$E$8:$E$40,SMALL(IF(LEFT(SUBSTITUTE('111 Wall_CTNR Schedule'!$H$8:$H$40," ","")&",",LEN($C9&"")+1)=$C9&",",ROW('111 Wall_CTNR Schedule'!$H$8:$H$40)-ROW('111 Wall_CTNR Schedule'!$H$8)+1),COLUMNS($D9:F9))),"")} -> CTN 13 | H9: {=IFERROR("CTN " & INDEX('111 Wall_CTNR Schedule'!$E$8:$E$40,SMALL(IF(LEFT(SUBSTITUTE('111 Wall_CTNR Schedule'!$H$8:$H$40," ","")&",",LEN($C9&"")+1)=$C9&",",ROW('111 Wall_CTNR Schedule'!$H$8:$H$40)-ROW('111 Wall_CTNR Schedule'!$H$8)+1),COLUMNS($D9:G9))),"")} | I9: {=IFERROR("CTN " & INDEX('111 Wall_CTNR Schedule'!$E$8:$E$40,SMALL(IF(LEFT(SUBSTITUTE('111 Wall_CTNR Schedule'!$H$8:$H$40," ","")&",",LEN($C9&"")+1)=$C9&",",ROW('111 Wall_CTNR Schedule'!$H$8:$H$40)-ROW('111 Wall_CTNR Schedule'!$H$8)+1),COLUMNS($D9:H9))),"")} | J9: {=IFERROR("CTN " & INDEX('111 Wall_CTNR Schedule'!$E$8:$E$40,SMALL(IF(LEFT(SUBSTITUTE('111 Wall_CTNR Schedule'!$H$8:$H$40," ","")&",",LEN($C9&"")+1)=$C9&",",ROW('111 Wall_CTNR Schedule'!$H$8:$H$40)-ROW('111 Wall_CTNR Schedule'!$H$8)+1),COLUMNS($D9:I9))),"")} | K9: {=IFERROR("CTN " & INDEX('111 Wall_CTNR Schedule'!$E$8:$E$40,SMALL(IF(LEFT(SUBSTITUTE('111 Wall_CTNR Schedule'!$H$8:$H$40," ","")&",",LEN($C9&"")+1)=$C9&",",ROW('111 Wall_CTNR Schedule'!$H$8:$H$40)-ROW('111 Wall_CTNR Schedule'!$H$8)+1),COLUMNS($D9:J9))),"")} | L9: {=IFERROR("CTN " & INDEX('111 Wall_CTNR Schedule'!$E$8:$E$40,SMALL(IF(LEFT(SUBSTITUTE('111 Wall_CTNR Schedule'!$H$8:$H$40," ","")&",",LEN($C9&"")+1)=$C9&",",ROW('111 Wall_CTNR Schedule'!$H$8:$H$40)-ROW('111 Wall_CTNR Schedule'!$H$8)+1),COLUMNS($D9:K9))),"")} | ... N9: {=IFERROR("CTN " & INDEX('111 Wall_CTNR Schedule'!$E$8:$E$40,SMALL(IF(LEFT(SUBSTITUTE('111 Wall_CTNR Schedule'!$H$8:$H$40," ","")&",",LEN($C9&"")+1)=$C9&",",ROW('111 Wall_CTNR Schedule'!$H$8:$H$40)-ROW('111 Wall_CTNR Schedule'!$H$8)+1),COLUMNS($D9:M9))),"")}
C10: 7 | D10: 46342 | E10: {=IFERROR("CTN " & INDEX('111 Wall_CTNR Schedule'!$E$8:$E$40,SMALL(IF(LEFT(SUBSTITUTE('111 Wall_CTNR Schedule'!$H$8:$H$40," ","")&",",LEN($C10&"")+1)=$C10&",",ROW('111 Wall_CTNR Schedule'!$H$8:$H$40)-ROW('111 Wall_CTNR Schedule'!$H$8)+1),COLUMNS($D10:D10))),"")} -> CTN 14 | F10: {=IFERROR("CTN " & INDEX('111 Wall_CTNR Schedule'!$E$8:$E$40,SMALL(IF(LEFT(SUBSTITUTE('111 Wall_CTNR Schedule'!$H$8:$H$40," ","")&",",LEN($C10&"")+1)=$C10&",",ROW('111 Wall_CTNR Schedule'!$H$8:$H$40)-ROW('111 Wall_CTNR Schedule'!$H$8)+1),COLUMNS($D10:E10))),"")} -> CTN 15 | G10: {=IFERROR("CTN " & INDEX('111 Wall_CTNR Schedule'!$E$8:$E$40,SMALL(IF(LEFT(SUBSTITUTE('111 Wall_CTNR Schedule'!$H$8:$H$40," ","")&",",LEN($C10&"")+1)=$C10&",",ROW('111 Wall_CTNR Schedule'!$H$8:$H$40)-ROW('111 Wall_CTNR Schedule'!$H$8)+1),COLUMNS($D10:F10))),"")} -> CTN 16 | H10: {=IFERROR("CTN " & INDEX('111 Wall_CTNR Schedule'!$E$8:$E$40,SMALL(IF(LEFT(SUBSTITUTE('111 Wall_CTNR Schedule'!$H$8:$H$40," ","")&",",LEN($C10&"")+1)=$C10&",",ROW('111 Wall_CTNR Schedule'!$H$8:$H$40)-ROW('111 Wall_CTNR Schedule'!$H$8)+1),COLUMNS($D10:G10))),"")} | I10: {=IFERROR("CTN " & INDEX('111 Wall_CTNR Schedule'!$E$8:$E$40,SMALL(IF(LEFT(SUBSTITUTE('111 Wall_CTNR Schedule'!$H$8:$H$40," ","")&",",LEN($C10&"")+1)=$C10&",",ROW('111 Wall_CTNR Schedule'!$H$8:$H$40)-ROW('111 Wall_CTNR Schedule'!$H$8)+1),COLUMNS($D10:H10))),"")} | J10: {=IFERROR("CTN " & INDEX('111 Wall_CTNR Schedule'!$E$8:$E$40,SMALL(IF(LEFT(SUBSTITUTE('111 Wall_CTNR Schedule'!$H$8:$H$40," ","")&",",LEN($C10&"")+1)=$C10&",",ROW('111 Wall_CTNR Schedule'!$H$8:$H$40)-ROW('111 Wall_CTNR Schedule'!$H$8)+1),COLUMNS($D10:I10))),"")} | K10: {=IFERROR("CTN " & INDEX('111 Wall_CTNR Schedule'!$E$8:$E$40,SMALL(IF(LEFT(SUBSTITUTE('111 Wall_CTNR Schedule'!$H$8:$H$40," ","")&",",LEN($C10&"")+1)=$C10&",",ROW('111 Wall_CTNR Schedule'!$H$8:$H$40)-ROW('111 Wall_CTNR Schedule'!$H$8)+1),COLUMNS($D10:J10))),"")} | L10: {=IFERROR("CTN " & INDEX('111 Wall_CTNR Schedule'!$E$8:$E$40,SMALL(IF(LEFT(SUBSTITUTE('111 Wall_CTNR Schedule'!$H$8:$H$40," ","")&",",LEN($C10&"")+1)=$C10&",",ROW('111 Wall_CTNR Schedule'!$H$8:$H$40)-ROW('111 Wall_CTNR Schedule'!$H$8)+1),COLUMNS($D10:K10))),"")} | ... N10: {=IFERROR("CTN " & INDEX('111 Wall_CTNR Schedule'!$E$8:$E$40,SMALL(IF(LEFT(SUBSTITUTE('111 Wall_CTNR Schedule'!$H$8:$H$40," ","")&",",LEN($C10&"")+1)=$C10&",",ROW('111 Wall_CTNR Schedule'!$H$8:$H$40)-ROW('111 Wall_CTNR Schedule'!$H$8)+1),COLUMNS($D10:M10))),"")}
C11: 8 | D11: 46356 | E11: {=IFERROR("CTN " & INDEX('111 Wall_CTNR Schedule'!$E$8:$E$40,SMALL(IF(LEFT(SUBSTITUTE('111 Wall_CTNR Schedule'!$H$8:$H$40," ","")&",",LEN($C11&"")+1)=$C11&",",ROW('111 Wall_CTNR Schedule'!$H$8:$H$40)-ROW('111 Wall_CTNR Schedule'!$H$8)+1),COLUMNS($D11:D11))),"")} -> CTN 17 | F11: {=IFERROR("CTN " & INDEX('111 Wall_CTNR Schedule'!$E$8:$E$40,SMALL(IF(LEFT(SUBSTITUTE('111 Wall_CTNR Schedule'!$H$8:$H$40," ","")&",",LEN($C11&"")+1)=$C11&",",ROW('111 Wall_CTNR Schedule'!$H$8:$H$40)-ROW('111 Wall_CTNR Schedule'!$H$8)+1),COLUMNS($D11:E11))),"")} -> CTN 18 | G11: {=IFERROR("CTN " & INDEX('111 Wall_CTNR Schedule'!$E$8:$E$40,SMALL(IF(LEFT(SUBSTITUTE('111 Wall_CTNR Schedule'!$H$8:$H$40," ","")&",",LEN($C11&"")+1)=$C11&",",ROW('111 Wall_CTNR Schedule'!$H$8:$H$40)-ROW('111 Wall_CTNR Schedule'!$H$8)+1),COLUMNS($D11:F11))),"")} -> CTN 19 | H11: {=IFERROR("CTN " & INDEX('111 Wall_CTNR Schedule'!$E$8:$E$40,SMALL(IF(LEFT(SUBSTITUTE('111 Wall_CTNR Schedule'!$H$8:$H$40," ","")&",",LEN($C11&"")+1)=$C11&",",ROW('111 Wall_CTNR Schedule'!$H$8:$H$40)-ROW('111 Wall_CTNR Schedule'!$H$8)+1),COLUMNS($D11:G11))),"")} | I11: {=IFERROR("CTN " & INDEX('111 Wall_CTNR Schedule'!$E$8:$E$40,SMALL(IF(LEFT(SUBSTITUTE('111 Wall_CTNR Schedule'!$H$8:$H$40," ","")&",",LEN($C11&"")+1)=$C11&",",ROW('111 Wall_CTNR Schedule'!$H$8:$H$40)-ROW('111 Wall_CTNR Schedule'!$H$8)+1),COLUMNS($D11:H11))),"")} | J11: {=IFERROR("CTN " & INDEX('111 Wall_CTNR Schedule'!$E$8:$E$40,SMALL(IF(LEFT(SUBSTITUTE('111 Wall_CTNR Schedule'!$H$8:$H$40," ","")&",",LEN($C11&"")+1)=$C11&",",ROW('111 Wall_CTNR Schedule'!$H$8:$H$40)-ROW('111 Wall_CTNR Schedule'!$H$8)+1),COLUMNS($D11:I11))),"")} | K11: {=IFERROR("CTN " & INDEX('111 Wall_CTNR Schedule'!$E$8:$E$40,SMALL(IF(LEFT(SUBSTITUTE('111 Wall_CTNR Schedule'!$H$8:$H$40," ","")&",",LEN($C11&"")+1)=$C11&",",ROW('111 Wall_CTNR Schedule'!$H$8:$H$40)-ROW('111 Wall_CTNR Schedule'!$H$8)+1),COLUMNS($D11:J11))),"")} | L11: {=IFERROR("CTN " & INDEX('111 Wall_CTNR Schedule'!$E$8:$E$40,SMALL(IF(LEFT(SUBSTITUTE('111 Wall_CTNR Schedule'!$H$8:$H$40," ","")&",",LEN($C11&"")+1)=$C11&",",ROW('111 Wall_CTNR Schedule'!$H$8:$H$40)-ROW('111 Wall_CTNR Schedule'!$H$8)+1),COLUMNS($D11:K11))),"")} | ... N11: {=IFERROR("CTN " & INDEX('111 Wall_CTNR Schedule'!$E$8:$E$40,SMALL(IF(LEFT(SUBSTITUTE('111 Wall_CTNR Schedule'!$H$8:$H$40," ","")&",",LEN($C11&"")+1)=$C11&",",ROW('111 Wall_CTNR Schedule'!$H$8:$H$40)-ROW('111 Wall_CTNR Schedule'!$H$8)+1),COLUMNS($D11:M11))),"")}
C12: 9 | D12: 46370 | E12: {=IFERROR("CTN " & INDEX('111 Wall_CTNR Schedule'!$E$8:$E$40,SMALL(IF(LEFT(SUBSTITUTE('111 Wall_CTNR Schedule'!$H$8:$H$40," ","")&",",LEN($C12&"")+1)=$C12&",",ROW('111 Wall_CTNR Schedule'!$H$8:$H$40)-ROW('111 Wall_CTNR Schedule'!$H$8)+1),COLUMNS($D12:D12))),"")} -> CTN 20 | F12: {=IFERROR("CTN " & INDEX('111 Wall_CTNR Schedule'!$E$8:$E$40,SMALL(IF(LEFT(SUBSTITUTE('111 Wall_CTNR Schedule'!$H$8:$H$40," ","")&",",LEN($C12&"")+1)=$C12&",",ROW('111 Wall_CTNR Schedule'!$H$8:$H$40)-ROW('111 Wall_CTNR Schedule'!$H$8)+1),COLUMNS($D12:E12))),"")} -> CTN 21 | G12: {=IFERROR("CTN " & INDEX('111 Wall_CTNR Schedule'!$E$8:$E$40,SMALL(IF(LEFT(SUBSTITUTE('111 Wall_CTNR Schedule'!$H$8:$H$40," ","")&",",LEN($C12&"")+1)=$C12&",",ROW('111 Wall_CTNR Schedule'!$H$8:$H$40)-ROW('111 Wall_CTNR Schedule'!$H$8)+1),COLUMNS($D12:F12))),"")} -> CTN 22 | H12: {=IFERROR("CTN " & INDEX('111 Wall_CTNR Schedule'!$E$8:$E$40,SMALL(IF(LEFT(SUBSTITUTE('111 Wall_CTNR Schedule'!$H$8:$H$40," ","")&",",LEN($C12&"")+1)=$C12&",",ROW('111 Wall_CTNR Schedule'!$H$8:$H$40)-ROW('111 Wall_CTNR Schedule'!$H$8)+1),COLUMNS($D12:G12))),"")} | I12: {=IFERROR("CTN " & INDEX('111 Wall_CTNR Schedule'!$E$8:$E$40,SMALL(IF(LEFT(SUBSTITUTE('111 Wall_CTNR Schedule'!$H$8:$H$40," ","")&",",LEN($C12&"")+1)=$C12&",",ROW('111 Wall_CTNR Schedule'!$H$8:$H$40)-ROW('111 Wall_CTNR Schedule'!$H$8)+1),COLUMNS($D12:H12))),"")} | J12: {=IFERROR("CTN " & INDEX('111 Wall_CTNR Schedule'!$E$8:$E$40,SMALL(IF(LEFT(SUBSTITUTE('111 Wall_CTNR Schedule'!$H$8:$H$40," ","")&",",LEN($C12&"")+1)=$C12&",",ROW('111 Wall_CTNR Schedule'!$H$8:$H$40)-ROW('111 Wall_CTNR Schedule'!$H$8)+1),COLUMNS($D12:I12))),"")} | K12: {=IFERROR("CTN " & INDEX('111 Wall_CTNR Schedule'!$E$8:$E$40,SMALL(IF(LEFT(SUBSTITUTE('111 Wall_CTNR Schedule'!$H$8:$H$40," ","")&",",LEN($C12&"")+1)=$C12&",",ROW('111 Wall_CTNR Schedule'!$H$8:$H$40)-ROW('111 Wall_CTNR Schedule'!$H$8)+1),COLUMNS($D12:J12))),"")} | L12: {=IFERROR("CTN " & INDEX('111 Wall_CTNR Schedule'!$E$8:$E$40,SMALL(IF(LEFT(SUBSTITUTE('111 Wall_CTNR Schedule'!$H$8:$H$40," ","")&",",LEN($C12&"")+1)=$C12&",",ROW('111 Wall_CTNR Schedule'!$H$8:$H$40)-ROW('111 Wall_CTNR Schedule'!$H$8)+1),COLUMNS($D12:K12))),"")} | ... N12: {=IFERROR("CTN " & INDEX('111 Wall_CTNR Schedule'!$E$8:$E$40,SMALL(IF(LEFT(SUBSTITUTE('111 Wall_CTNR Schedule'!$H$8:$H$40," ","")&",",LEN($C12&"")+1)=$C12&",",ROW('111 Wall_CTNR Schedule'!$H$8:$H$40)-ROW('111 Wall_CTNR Schedule'!$H$8)+1),COLUMNS($D12:M12))),"")}
C13: 10 | D13: 46384 | E13: {=IFERROR("CTN " & INDEX('111 Wall_CTNR Schedule'!$E$8:$E$40,SMALL(IF(LEFT(SUBSTITUTE('111 Wall_CTNR Schedule'!$H$8:$H$40," ","")&",",LEN($C13&"")+1)=$C13&",",ROW('111 Wall_CTNR Schedule'!$H$8:$H$40)-ROW('111 Wall_CTNR Schedule'!$H$8)+1),COLUMNS($D13:D13))),"")} -> CTN 23 | F13: {=IFERROR("CTN " & INDEX('111 Wall_CTNR Schedule'!$E$8:$E$40,SMALL(IF(LEFT(SUBSTITUTE('111 Wall_CTNR Schedule'!$H$8:$H$40," ","")&",",LEN($C13&"")+1)=$C13&",",ROW('111 Wall_CTNR Schedule'!$H$8:$H$40)-ROW('111 Wall_CTNR Schedule'!$H$8)+1),COLUMNS($D13:E13))),"")} -> CTN 24 | G13: {=IFERROR("CTN " & INDEX('111 Wall_CTNR Schedule'!$E$8:$E$40,SMALL(IF(LEFT(SUBSTITUTE('111 Wall_CTNR Schedule'!$H$8:$H$40," ","")&",",LEN($C13&"")+1)=$C13&",",ROW('111 Wall_CTNR Schedule'!$H$8:$H$40)-ROW('111 Wall_CTNR Schedule'!$H$8)+1),COLUMNS($D13:F13))),"")} -> CTN 25 | H13: {=IFERROR("CTN " & INDEX('111 Wall_CTNR Schedule'!$E$8:$E$40,SMALL(IF(LEFT(SUBSTITUTE('111 Wall_CTNR Schedule'!$H$8:$H$40," ","")&",",LEN($C13&"")+1)=$C13&",",ROW('111 Wall_CTNR Schedule'!$H$8:$H$40)-ROW('111 Wall_CTNR Schedule'!$H$8)+1),COLUMNS($D13:G13))),"")} -> CTN 26 | I13: {=IFERROR("CTN " & INDEX('111 Wall_CTNR Schedule'!$E$8:$E$40,SMALL(IF(LEFT(SUBSTITUTE('111 Wall_CTNR Schedule'!$H$8:$H$40," ","")&",",LEN($C13&"")+1)=$C13&",",ROW('111 Wall_CTNR Schedule'!$H$8:$H$40)-ROW('111 Wall_CTNR Schedule'!$H$8)+1),COLUMNS($D13:H13))),"")} | J13: {=IFERROR("CTN " & INDEX('111 Wall_CTNR Schedule'!$E$8:$E$40,SMALL(IF(LEFT(SUBSTITUTE('111 Wall_CTNR Schedule'!$H$8:$H$40," ","")&",",LEN($C13&"")+1)=$C13&",",ROW('111 Wall_CTNR Schedule'!$H$8:$H$40)-ROW('111 Wall_CTNR Schedule'!$H$8)+1),COLUMNS($D13:I13))),"")} | K13: {=IFERROR("CTN " & INDEX('111 Wall_CTNR Schedule'!$E$8:$E$40,SMALL(IF(LEFT(SUBSTITUTE('111 Wall_CTNR Schedule'!$H$8:$H$40," ","")&",",LEN($C13&"")+1)=$C13&",",ROW('111 Wall_CTNR Schedule'!$H$8:$H$40)-ROW('111 Wall_CTNR Schedule'!$H$8)+1),COLUMNS($D13:J13))),"")} | L13: {=IFERROR("CTN " & INDEX('111 Wall_CTNR Schedule'!$E$8:$E$40,SMALL(IF(LEFT(SUBSTITUTE('111 Wall_CTNR Schedule'!$H$8:$H$40," ","")&",",LEN($C13&"")+1)=$C13&",",ROW('111 Wall_CTNR Schedule'!$H$8:$H$40)-ROW('111 Wall_CTNR Schedule'!$H$8)+1),COLUMNS($D13:K13))),"")} | ... N13: {=IFERROR("CTN " & INDEX('111 Wall_CTNR Schedule'!$E$8:$E$40,SMALL(IF(LEFT(SUBSTITUTE('111 Wall_CTNR Schedule'!$H$8:$H$40," ","")&",",LEN($C13&"")+1)=$C13&",",ROW('111 Wall_CTNR Schedule'!$H$8:$H$40)-ROW('111 Wall_CTNR Schedule'!$H$8)+1),COLUMNS($D13:M13))),"")}
B14: TCO#2 | C14: 11 | D14: 46398 | E14: {=IFERROR("CTN " & INDEX('111 Wall_CTNR Schedule'!$E$8:$E$40,SMALL(IF(LEFT(SUBSTITUTE('111 Wall_CTNR Schedule'!$H$8:$H$40," ","")&",",LEN($C14&"")+1)=$C14&",",ROW('111 Wall_CTNR Schedule'!$H$8:$H$40)-ROW('111 Wall_CTNR Schedule'!$H$8)+1),COLUMNS($D14:D14))),"")} -> CTN 27 | F14: {=IFERROR("CTN " & INDEX('111 Wall_CTNR Schedule'!$E$8:$E$40,SMALL(IF(LEFT(SUBSTITUTE('111 Wall_CTNR Schedule'!$H$8:$H$40," ","")&",",LEN($C14&"")+1)=$C14&",",ROW('111 Wall_CTNR Schedule'!$H$8:$H$40)-ROW('111 Wall_CTNR Schedule'!$H$8)+1),COLUMNS($D14:E14))),"")} -> CTN 28 | G14: {=IFERROR("CTN " & INDEX('111 Wall_CTNR Schedule'!$E$8:$E$40,SMALL(IF(LEFT(SUBSTITUTE('111 Wall_CTNR Schedule'!$H$8:$H$40," ","")&",",LEN($C14&"")+1)=$C14&",",ROW('111 Wall_CTNR Schedule'!$H$8:$H$40)-ROW('111 Wall_CTNR Schedule'!$H$8)+1),COLUMNS($D14:F14))),"")} -> CTN 29 | H14: {=IFERROR("CTN " & INDEX('111 Wall_CTNR Schedule'!$E$8:$E$40,SMALL(IF(LEFT(SUBSTITUTE('111 Wall_CTNR Schedule'!$H$8:$H$40," ","")&",",LEN($C14&"")+1)=$C14&",",ROW('111 Wall_CTNR Schedule'!$H$8:$H$40)-ROW('111 Wall_CTNR Schedule'!$H$8)+1),COLUMNS($D14:G14))),"")} | I14: {=IFERROR("CTN " & INDEX('111 Wall_CTNR Schedule'!$E$8:$E$40,SMALL(IF(LEFT(SUBSTITUTE('111 Wall_CTNR Schedule'!$H$8:$H$40," ","")&",",LEN($C14&"")+1)=$C14&",",ROW('111 Wall_CTNR Schedule'!$H$8:$H$40)-ROW('111 Wall_CTNR Schedule'!$H$8)+1),COLUMNS($D14:H14))),"")} | J14: {=IFERROR("CTN " & INDEX('111 Wall_CTNR Schedule'!$E$8:$E$40,SMALL(IF(LEFT(SUBSTITUTE('111 Wall_CTNR Schedule'!$H$8:$H$40," ","")&",",LEN($C14&"")+1)=$C14&",",ROW('111 Wall_CTNR Schedule'!$H$8:$H$40)-ROW('111 Wall_CTNR Schedule'!$H$8)+1),COLUMNS($D14:I14))),"")} | K14: {=IFERROR("CTN " & INDEX('111 Wall_CTNR Schedule'!$E$8:$E$40,SMALL(IF(LEFT(SUBSTITUTE('111 Wall_CTNR Schedule'!$H$8:$H$40," ","")&",",LEN($C14&"")+1)=$C14&",",ROW('111 Wall_CTNR Schedule'!$H$8:$H$40)-ROW('111 Wall_CTNR Schedule'!$H$8)+1),COLUMNS($D14:J14))),"")} | L14: {=IFERROR("CTN " & INDEX('111 Wall_CTNR Schedule'!$E$8:$E$40,SMALL(IF(LEFT(SUBSTITUTE('111 Wall_CTNR Schedule'!$H$8:$H$40," ","")&",",LEN($C14&"")+1)=$C14&",",ROW('111 Wall_CTNR Schedule'!$H$8:$H$40)-ROW('111 Wall_CTNR Schedule'!$H$8)+1),COLUMNS($D14:K14))),"")} | ... N14: {=IFERROR("CTN " & INDEX('111 Wall_CTNR Schedule'!$E$8:$E$40,SMALL(IF(LEFT(SUBSTITUTE('111 Wall_CTNR Schedule'!$H$8:$H$40," ","")&",",LEN($C14&"")+1)=$C14&",",ROW('111 Wall_CTNR Schedule'!$H$8:$H$40)-ROW('111 Wall_CTNR Schedule'!$H$8)+1),COLUMNS($D14:M14))),"")}
C15: 12 | D15: 46412 | E15: {=IFERROR("CTN " & INDEX('111 Wall_CTNR Schedule'!$E$8:$E$40,SMALL(IF(LEFT(SUBSTITUTE('111 Wall_CTNR Schedule'!$H$8:$H$40," ","")&",",LEN($C15&"")+1)=$C15&",",ROW('111 Wall_CTNR Schedule'!$H$8:$H$40)-ROW('111 Wall_CTNR Schedule'!$H$8)+1),COLUMNS($D15:D15))),"")} -> CTN 30 | F15: {=IFERROR("CTN " & INDEX('111 Wall_CTNR Schedule'!$E$8:$E$40,SMALL(IF(LEFT(SUBSTITUTE('111 Wall_CTNR Schedule'!$H$8:$H$40," ","")&",",LEN($C15&"")+1)=$C15&",",ROW('111 Wall_CTNR Schedule'!$H$8:$H$40)-ROW('111 Wall_CTNR Schedule'!$H$8)+1),COLUMNS($D15:E15))),"")} -> CTN 31 | G15: {=IFERROR("CTN " & INDEX('111 Wall_CTNR Schedule'!$E$8:$E$40,SMALL(IF(LEFT(SUBSTITUTE('111 Wall_CTNR Schedule'!$H$8:$H$40," ","")&",",LEN($C15&"")+1)=$C15&",",ROW('111 Wall_CTNR Schedule'!$H$8:$H$40)-ROW('111 Wall_CTNR Schedule'!$H$8)+1),COLUMNS($D15:F15))),"")} | H15: {=IFERROR("CTN " & INDEX('111 Wall_CTNR Schedule'!$E$8:$E$40,SMALL(IF(LEFT(SUBSTITUTE('111 Wall_CTNR Schedule'!$H$8:$H$40," ","")&",",LEN($C15&"")+1)=$C15&",",ROW('111 Wall_CTNR Schedule'!$H$8:$H$40)-ROW('111 Wall_CTNR Schedule'!$H$8)+1),COLUMNS($D15:G15))),"")} | I15: {=IFERROR("CTN " & INDEX('111 Wall_CTNR Schedule'!$E$8:$E$40,SMALL(IF(LEFT(SUBSTITUTE('111 Wall_CTNR Schedule'!$H$8:$H$40," ","")&",",LEN($C15&"")+1)=$C15&",",ROW('111 Wall_CTNR Schedule'!$H$8:$H$40)-ROW('111 Wall_CTNR Schedule'!$H$8)+1),COLUMNS($D15:H15))),"")} | J15: {=IFERROR("CTN " & INDEX('111 Wall_CTNR Schedule'!$E$8:$E$40,SMALL(IF(LEFT(SUBSTITUTE('111 Wall_CTNR Schedule'!$H$8:$H$40," ","")&",",LEN($C15&"")+1)=$C15&",",ROW('111 Wall_CTNR Schedule'!$H$8:$H$40)-ROW('111 Wall_CTNR Schedule'!$H$8)+1),COLUMNS($D15:I15))),"")} | K15: {=IFERROR("CTN " & INDEX('111 Wall_CTNR Schedule'!$E$8:$E$40,SMALL(IF(LEFT(SUBSTITUTE('111 Wall_CTNR Schedule'!$H$8:$H$40," ","")&",",LEN($C15&"")+1)=$C15&",",ROW('111 Wall_CTNR Schedule'!$H$8:$H$40)-ROW('111 Wall_CTNR Schedule'!$H$8)+1),COLUMNS($D15:J15))),"")} | L15: {=IFERROR("CTN " & INDEX('111 Wall_CTNR Schedule'!$E$8:$E$40,SMALL(IF(LEFT(SUBSTITUTE('111 Wall_CTNR Schedule'!$H$8:$H$40," ","")&",",LEN($C15&"")+1)=$C15&",",ROW('111 Wall_CTNR Schedule'!$H$8:$H$40)-ROW('111 Wall_CTNR Schedule'!$H$8)+1),COLUMNS($D15:K15))),"")} | ... N15: {=IFERROR("CTN " & INDEX('111 Wall_CTNR Schedule'!$E$8:$E$40,SMALL(IF(LEFT(SUBSTITUTE('111 Wall_CTNR Schedule'!$H$8:$H$40," ","")&",",LEN($C15&"")+1)=$C15&",",ROW('111 Wall_CTNR Schedule'!$H$8:$H$40)-ROW('111 Wall_CTNR Schedule'!$H$8)+1),COLUMNS($D15:M15))),"")}
C16: 13 | D16: 46426 | E16: {=IFERROR("CTN " & INDEX('111 Wall_CTNR Schedule'!$E$8:$E$40,SMALL(IF(LEFT(SUBSTITUTE('111 Wall_CTNR Schedule'!$H$8:$H$40," ","")&",",LEN($C16&"")+1)=$C16&",",ROW('111 Wall_CTNR Schedule'!$H$8:$H$40)-ROW('111 Wall_CTNR Schedule'!$H$8)+1),COLUMNS($D16:D16))),"")} | F16: {=IFERROR("CTN " & INDEX('111 Wall_CTNR Schedule'!$E$8:$E$40,SMALL(IF(LEFT(SUBSTITUTE('111 Wall_CTNR Schedule'!$H$8:$H$40," ","")&",",LEN($C16&"")+1)=$C16&",",ROW('111 Wall_CTNR Schedule'!$H$8:$H$40)-ROW('111 Wall_CTNR Schedule'!$H$8)+1),COLUMNS($D16:E16))),"")} | G16: {=IFERROR("CTN " & INDEX('111 Wall_CTNR Schedule'!$E$8:$E$40,SMALL(IF(LEFT(SUBSTITUTE('111 Wall_CTNR Schedule'!$H$8:$H$40," ","")&",",LEN($C16&"")+1)=$C16&",",ROW('111 Wall_CTNR Schedule'!$H$8:$H$40)-ROW('111 Wall_CTNR Schedule'!$H$8)+1),COLUMNS($D16:F16))),"")} | H16: {=IFERROR("CTN " & INDEX('111 Wall_CTNR Schedule'!$E$8:$E$40,SMALL(IF(LEFT(SUBSTITUTE('111 Wall_CTNR Schedule'!$H$8:$H$40," ","")&",",LEN($C16&"")+1)=$C16&",",ROW('111 Wall_CTNR Schedule'!$H$8:$H$40)-ROW('111 Wall_CTNR Schedule'!$H$8)+1),COLUMNS($D16:G16))),"")} | I16: {=IFERROR("CTN " & INDEX('111 Wall_CTNR Schedule'!$E$8:$E$40,SMALL(IF(LEFT(SUBSTITUTE('111 Wall_CTNR Schedule'!$H$8:$H$40," ","")&",",LEN($C16&"")+1)=$C16&",",ROW('111 Wall_CTNR Schedule'!$H$8:$H$40)-ROW('111 Wall_CTNR Schedule'!$H$8)+1),COLUMNS($D16:H16))),"")} | J16: {=IFERROR("CTN " & INDEX('111 Wall_CTNR Schedule'!$E$8:$E$40,SMALL(IF(LEFT(SUBSTITUTE('111 Wall_CTNR Schedule'!$H$8:$H$40," ","")&",",LEN($C16&"")+1)=$C16&",",ROW('111 Wall_CTNR Schedule'!$H$8:$H$40)-ROW('111 Wall_CTNR Schedule'!$H$8)+1),COLUMNS($D16:I16))),"")} | K16: {=IFERROR("CTN " & INDEX('111 Wall_CTNR Schedule'!$E$8:$E$40,SMALL(IF(LEFT(SUBSTITUTE('111 Wall_CTNR Schedule'!$H$8:$H$40," ","")&",",LEN($C16&"")+1)=$C16&",",ROW('111 Wall_CTNR Schedule'!$H$8:$H$40)-ROW('111 Wall_CTNR Schedule'!$H$8)+1),COLUMNS($D16:J16))),"")} | L16: {=IFERROR("CTN " & INDEX('111 Wall_CTNR Schedule'!$E$8:$E$40,SMALL(IF(LEFT(SUBSTITUTE('111 Wall_CTNR Schedule'!$H$8:$H$40," ","")&",",LEN($C16&"")+1)=$C16&",",ROW('111 Wall_CTNR Schedule'!$H$8:$H$40)-ROW('111 Wall_CTNR Schedule'!$H$8)+1),COLUMNS($D16:K16))),"")} | ... N16: {=IFERROR("CTN " & INDEX('111 Wall_CTNR Schedule'!$E$8:$E$40,SMALL(IF(LEFT(SUBSTITUTE('111 Wall_CTNR Schedule'!$H$8:$H$40," ","")&",",LEN($C16&"")+1)=$C16&",",ROW('111 Wall_CTNR Schedule'!$H$8:$H$40)-ROW('111 Wall_CTNR Schedule'!$H$8)+1),COLUMNS($D16:M16))),"")}
C17: 14 | D17: 46440 | E17: {=IFERROR("CTN " & INDEX('111 Wall_CTNR Schedule'!$E$8:$E$40,SMALL(IF(LEFT(SUBSTITUTE('111 Wall_CTNR Schedule'!$H$8:$H$40," ","")&",",LEN($C17&"")+1)=$C17&",",ROW('111 Wall_CTNR Schedule'!$H$8:$H$40)-ROW('111 Wall_CTNR Schedule'!$H$8)+1),COLUMNS($D17:D17))),"")} | F17: {=IFERROR("CTN " & INDEX('111 Wall_CTNR Schedule'!$E$8:$E$40,SMALL(IF(LEFT(SUBSTITUTE('111 Wall_CTNR Schedule'!$H$8:$H$40," ","")&",",LEN($C17&"")+1)=$C17&",",ROW('111 Wall_CTNR Schedule'!$H$8:$H$40)-ROW('111 Wall_CTNR Schedule'!$H$8)+1),COLUMNS($D17:E17))),"")} | G17: {=IFERROR("CTN " & INDEX('111 Wall_CTNR Schedule'!$E$8:$E$40,SMALL(IF(LEFT(SUBSTITUTE('111 Wall_CTNR Schedule'!$H$8:$H$40," ","")&",",LEN($C17&"")+1)=$C17&",",ROW('111 Wall_CTNR Schedule'!$H$8:$H$40)-ROW('111 Wall_CTNR Schedule'!$H$8)+1),COLUMNS($D17:F17))),"")} | H17: {=IFERROR("CTN " & INDEX('111 Wall_CTNR Schedule'!$E$8:$E$40,SMALL(IF(LEFT(SUBSTITUTE('111 Wall_CTNR Schedule'!$H$8:$H$40," ","")&",",LEN($C17&"")+1)=$C17&",",ROW('111 Wall_CTNR Schedule'!$H$8:$H$40)-ROW('111 Wall_CTNR Schedule'!$H$8)+1),COLUMNS($D17:G17))),"")} | I17: {=IFERROR("CTN " & INDEX('111 Wall_CTNR Schedule'!$E$8:$E$40,SMALL(IF(LEFT(SUBSTITUTE('111 Wall_CTNR Schedule'!$H$8:$H$40," ","")&",",LEN($C17&"")+1)=$C17&",",ROW('111 Wall_CTNR Schedule'!$H$8:$H$40)-ROW('111 Wall_CTNR Schedule'!$H$8)+1),COLUMNS($D17:H17))),"")} | J17: {=IFERROR("CTN " & INDEX('111 Wall_CTNR Schedule'!$E$8:$E$40,SMALL(IF(LEFT(SUBSTITUTE('111 Wall_CTNR Schedule'!$H$8:$H$40," ","")&",",LEN($C17&"")+1)=$C17&",",ROW('111 Wall_CTNR Schedule'!$H$8:$H$40)-ROW('111 Wall_CTNR Schedule'!$H$8)+1),COLUMNS($D17:I17))),"")} | K17: {=IFERROR("CTN " & INDEX('111 Wall_CTNR Schedule'!$E$8:$E$40,SMALL(IF(LEFT(SUBSTITUTE('111 Wall_CTNR Schedule'!$H$8:$H$40," ","")&",",LEN($C17&"")+1)=$C17&",",ROW('111 Wall_CTNR Schedule'!$H$8:$H$40)-ROW('111 Wall_CTNR Schedule'!$H$8)+1),COLUMNS($D17:J17))),"")} | L17: {=IFERROR("CTN " & INDEX('111 Wall_CTNR Schedule'!$E$8:$E$40,SMALL(IF(LEFT(SUBSTITUTE('111 Wall_CTNR Schedule'!$H$8:$H$40," ","")&",",LEN($C17&"")+1)=$C17&",",ROW('111 Wall_CTNR Schedule'!$H$8:$H$40)-ROW('111 Wall_CTNR Schedule'!$H$8)+1),COLUMNS($D17:K17))),"")} | ... N17: {=IFERROR("CTN " & INDEX('111 Wall_CTNR Schedule'!$E$8:$E$40,SMALL(IF(LEFT(SUBSTITUTE('111 Wall_CTNR Schedule'!$H$8:$H$40," ","")&",",LEN($C17&"")+1)=$C17&",",ROW('111 Wall_CTNR Schedule'!$H$8:$H$40)-ROW('111 Wall_CTNR Schedule'!$H$8)+1),COLUMNS($D17:M17))),"")}
C18: 15 | D18: 46454 | E18: {=IFERROR("CTN " & INDEX('111 Wall_CTNR Schedule'!$E$8:$E$40,SMALL(IF(LEFT(SUBSTITUTE('111 Wall_CTNR Schedule'!$H$8:$H$40," ","")&",",LEN($C18&"")+1)=$C18&",",ROW('111 Wall_CTNR Schedule'!$H$8:$H$40)-ROW('111 Wall_CTNR Schedule'!$H$8)+1),COLUMNS($D18:D18))),"")} | F18: {=IFERROR("CTN " & INDEX('111 Wall_CTNR Schedule'!$E$8:$E$40,SMALL(IF(LEFT(SUBSTITUTE('111 Wall_CTNR Schedule'!$H$8:$H$40," ","")&",",LEN($C18&"")+1)=$C18&",",ROW('111 Wall_CTNR Schedule'!$H$8:$H$40)-ROW('111 Wall_CTNR Schedule'!$H$8)+1),COLUMNS($D18:E18))),"")} | G18: {=IFERROR("CTN " & INDEX('111 Wall_CTNR Schedule'!$E$8:$E$40,SMALL(IF(LEFT(SUBSTITUTE('111 Wall_CTNR Schedule'!$H$8:$H$40," ","")&",",LEN($C18&"")+1)=$C18&",",ROW('111 Wall_CTNR Schedule'!$H$8:$H$40)-ROW('111 Wall_CTNR Schedule'!$H$8)+1),COLUMNS($D18:F18))),"")} | H18: {=IFERROR("CTN " & INDEX('111 Wall_CTNR Schedule'!$E$8:$E$40,SMALL(IF(LEFT(SUBSTITUTE('111 Wall_CTNR Schedule'!$H$8:$H$40," ","")&",",LEN($C18&"")+1)=$C18&",",ROW('111 Wall_CTNR Schedule'!$H$8:$H$40)-ROW('111 Wall_CTNR Schedule'!$H$8)+1),COLUMNS($D18:G18))),"")} | I18: {=IFERROR("CTN " & INDEX('111 Wall_CTNR Schedule'!$E$8:$E$40,SMALL(IF(LEFT(SUBSTITUTE('111 Wall_CTNR Schedule'!$H$8:$H$40," ","")&",",LEN($C18&"")+1)=$C18&",",ROW('111 Wall_CTNR Schedule'!$H$8:$H$40)-ROW('111 Wall_CTNR Schedule'!$H$8)+1),COLUMNS($D18:H18))),"")} | J18: {=IFERROR("CTN " & INDEX('111 Wall_CTNR Schedule'!$E$8:$E$40,SMALL(IF(LEFT(SUBSTITUTE('111 Wall_CTNR Schedule'!$H$8:$H$40," ","")&",",LEN($C18&"")+1)=$C18&",",ROW('111 Wall_CTNR Schedule'!$H$8:$H$40)-ROW('111 Wall_CTNR Schedule'!$H$8)+1),COLUMNS($D18:I18))),"")} | K18: {=IFERROR("CTN " & INDEX('111 Wall_CTNR Schedule'!$E$8:$E$40,SMALL(IF(LEFT(SUBSTITUTE('111 Wall_CTNR Schedule'!$H$8:$H$40," ","")&",",LEN($C18&"")+1)=$C18&",",ROW('111 Wall_CTNR Schedule'!$H$8:$H$40)-ROW('111 Wall_CTNR Schedule'!$H$8)+1),COLUMNS($D18:J18))),"")} | L18: {=IFERROR("CTN " & INDEX('111 Wall_CTNR Schedule'!$E$8:$E$40,SMALL(IF(LEFT(SUBSTITUTE('111 Wall_CTNR Schedule'!$H$8:$H$40," ","")&",",LEN($C18&"")+1)=$C18&",",ROW('111 Wall_CTNR Schedule'!$H$8:$H$40)-ROW('111 Wall_CTNR Schedule'!$H$8)+1),COLUMNS($D18:K18))),"")} | ... N18: {=IFERROR("CTN " & INDEX('111 Wall_CTNR Schedule'!$E$8:$E$40,SMALL(IF(LEFT(SUBSTITUTE('111 Wall_CTNR Schedule'!$H$8:$H$40," ","")&",",LEN($C18&"")+1)=$C18&",",ROW('111 Wall_CTNR Schedule'!$H$8:$H$40)-ROW('111 Wall_CTNR Schedule'!$H$8)+1),COLUMNS($D18:M18))),"")}
C19: 16 | D19: 46468 | E19: {=IFERROR("CTN " & INDEX('111 Wall_CTNR Schedule'!$E$8:$E$40,SMALL(IF(LEFT(SUBSTITUTE('111 Wall_CTNR Schedule'!$H$8:$H$40," ","")&",",LEN($C19&"")+1)=$C19&",",ROW('111 Wall_CTNR Schedule'!$H$8:$H$40)-ROW('111 Wall_CTNR Schedule'!$H$8)+1),COLUMNS($D19:D19))),"")} | F19: {=IFERROR("CTN " & INDEX('111 Wall_CTNR Schedule'!$E$8:$E$40,SMALL(IF(LEFT(SUBSTITUTE('111 Wall_CTNR Schedule'!$H$8:$H$40," ","")&",",LEN($C19&"")+1)=$C19&",",ROW('111 Wall_CTNR Schedule'!$H$8:$H$40)-ROW('111 Wall_CTNR Schedule'!$H$8)+1),COLUMNS($D19:E19))),"")} | G19: {=IFERROR("CTN " & INDEX('111 Wall_CTNR Schedule'!$E$8:$E$40,SMALL(IF(LEFT(SUBSTITUTE('111 Wall_CTNR Schedule'!$H$8:$H$40," ","")&",",LEN($C19&"")+1)=$C19&",",ROW('111 Wall_CTNR Schedule'!$H$8:$H$40)-ROW('111 Wall_CTNR Schedule'!$H$8)+1),COLUMNS($D19:F19))),"")} | H19: {=IFERROR("CTN " & INDEX('111 Wall_CTNR Schedule'!$E$8:$E$40,SMALL(IF(LEFT(SUBSTITUTE('111 Wall_CTNR Schedule'!$H$8:$H$40," ","")&",",LEN($C19&"")+1)=$C19&",",ROW('111 Wall_CTNR Schedule'!$H$8:$H$40)-ROW('111 Wall_CTNR Schedule'!$H$8)+1),COLUMNS($D19:G19))),"")} | I19: {=IFERROR("CTN " & INDEX('111 Wall_CTNR Schedule'!$E$8:$E$40,SMALL(IF(LEFT(SUBSTITUTE('111 Wall_CTNR Schedule'!$H$8:$H$40," ","")&",",LEN($C19&"")+1)=$C19&",",ROW('111 Wall_CTNR Schedule'!$H$8:$H$40)-ROW('111 Wall_CTNR Schedule'!$H$8)+1),COLUMNS($D19:H19))),"")} | J19: {=IFERROR("CTN " & INDEX('111 Wall_CTNR Schedule'!$E$8:$E$40,SMALL(IF(LEFT(SUBSTITUTE('111 Wall_CTNR Schedule'!$H$8:$H$40," ","")&",",LEN($C19&"")+1)=$C19&",",ROW('111 Wall_CTNR Schedule'!$H$8:$H$40)-ROW('111 Wall_CTNR Schedule'!$H$8)+1),COLUMNS($D19:I19))),"")} | K19: {=IFERROR("CTN " & INDEX('111 Wall_CTNR Schedule'!$E$8:$E$40,SMALL(IF(LEFT(SUBSTITUTE('111 Wall_CTNR Schedule'!$H$8:$H$40," ","")&",",LEN($C19&"")+1)=$C19&",",ROW('111 Wall_CTNR Schedule'!$H$8:$H$40)-ROW('111 Wall_CTNR Schedule'!$H$8)+1),COLUMNS($D19:J19))),"")} | L19: {=IFERROR("CTN " & INDEX('111 Wall_CTNR Schedule'!$E$8:$E$40,SMALL(IF(LEFT(SUBSTITUTE('111 Wall_CTNR Schedule'!$H$8:$H$40," ","")&",",LEN($C19&"")+1)=$C19&",",ROW('111 Wall_CTNR Schedule'!$H$8:$H$40)-ROW('111 Wall_CTNR Schedule'!$H$8)+1),COLUMNS($D19:K19))),"")} | ... N19: {=IFERROR("CTN " & INDEX('111 Wall_CTNR Schedule'!$E$8:$E$40,SMALL(IF(LEFT(SUBSTITUTE('111 Wall_CTNR Schedule'!$H$8:$H$40," ","")&",",LEN($C19&"")+1)=$C19&",",ROW('111 Wall_CTNR Schedule'!$H$8:$H$40)-ROW('111 Wall_CTNR Schedule'!$H$8)+1),COLUMNS($D19:M19))),"")}
B20: TCO#3 | C20: 17 | D20: 46482 | E20: {=IFERROR("CTN " & INDEX('111 Wall_CTNR Schedule'!$E$8:$E$40,SMALL(IF(LEFT(SUBSTITUTE('111 Wall_CTNR Schedule'!$H$8:$H$40," ","")&",",LEN($C20&"")+1)=$C20&",",ROW('111 Wall_CTNR Schedule'!$H$8:$H$40)-ROW('111 Wall_CTNR Schedule'!$H$8)+1),COLUMNS($D20:D20))),"")} | F20: {=IFERROR("CTN " & INDEX('111 Wall_CTNR Schedule'!$E$8:$E$40,SMALL(IF(LEFT(SUBSTITUTE('111 Wall_CTNR Schedule'!$H$8:$H$40," ","")&",",LEN($C20&"")+1)=$C20&",",ROW('111 Wall_CTNR Schedule'!$H$8:$H$40)-ROW('111 Wall_CTNR Schedule'!$H$8)+1),COLUMNS($D20:E20))),"")} | G20: {=IFERROR("CTN " & INDEX('111 Wall_CTNR Schedule'!$E$8:$E$40,SMALL(IF(LEFT(SUBSTITUTE('111 Wall_CTNR Schedule'!$H$8:$H$40," ","")&",",LEN($C20&"")+1)=$C20&",",ROW('111 Wall_CTNR Schedule'!$H$8:$H$40)-ROW('111 Wall_CTNR Schedule'!$H$8)+1),COLUMNS($D20:F20))),"")} | H20: {=IFERROR("CTN " & INDEX('111 Wall_CTNR Schedule'!$E$8:$E$40,SMALL(IF(LEFT(SUBSTITUTE('111 Wall_CTNR Schedule'!$H$8:$H$40," ","")&",",LEN($C20&"")+1)=$C20&",",ROW('111 Wall_CTNR Schedule'!$H$8:$H$40)-ROW('111 Wall_CTNR Schedule'!$H$8)+1),COLUMNS($D20:G20))),"")} | I20: {=IFERROR("CTN " & INDEX('111 Wall_CTNR Schedule'!$E$8:$E$40,SMALL(IF(LEFT(SUBSTITUTE('111 Wall_CTNR Schedule'!$H$8:$H$40," ","")&",",LEN($C20&"")+1)=$C20&",",ROW('111 Wall_CTNR Schedule'!$H$8:$H$40)-ROW('111 Wall_CTNR Schedule'!$H$8)+1),COLUMNS($D20:H20))),"")} | J20: {=IFERROR("CTN " & INDEX('111 Wall_CTNR Schedule'!$E$8:$E$40,SMALL(IF(LEFT(SUBSTITUTE('111 Wall_CTNR Schedule'!$H$8:$H$40," ","")&",",LEN($C20&"")+1)=$C20&",",ROW('111 Wall_CTNR Schedule'!$H$8:$H$40)-ROW('111 Wall_CTNR Schedule'!$H$8)+1),COLUMNS($D20:I20))),"")} | K20: {=IFERROR("CTN " & INDEX('111 Wall_CTNR Schedule'!$E$8:$E$40,SMALL(IF(LEFT(SUBSTITUTE('111 Wall_CTNR Schedule'!$H$8:$H$40," ","")&",",LEN($C20&"")+1)=$C20&",",ROW('111 Wall_CTNR Schedule'!$H$8:$H$40)-ROW('111 Wall_CTNR Schedule'!$H$8)+1),COLUMNS($D20:J20))),"")} | L20: {=IFERROR("CTN " & INDEX('111 Wall_CTNR Schedule'!$E$8:$E$40,SMALL(IF(LEFT(SUBSTITUTE('111 Wall_CTNR Schedule'!$H$8:$H$40," ","")&",",LEN($C20&"")+1)=$C20&",",ROW('111 Wall_CTNR Schedule'!$H$8:$H$40)-ROW('111 Wall_CTNR Schedule'!$H$8)+1),COLUMNS($D20:K20))),"")} | ... N20: {=IFERROR("CTN " & INDEX('111 Wall_CTNR Schedule'!$E$8:$E$40,SMALL(IF(LEFT(SUBSTITUTE('111 Wall_CTNR Schedule'!$H$8:$H$40," ","")&",",LEN($C20&"")+1)=$C20&",",ROW('111 Wall_CTNR Schedule'!$H$8:$H$40)-ROW('111 Wall_CTNR Schedule'!$H$8)+1),COLUMNS($D20:M20))),"")}
C21: 18 | D21: 46496 | E21: {=IFERROR("CTN " & INDEX('111 Wall_CTNR Schedule'!$E$8:$E$40,SMALL(IF(LEFT(SUBSTITUTE('111 Wall_CTNR Schedule'!$H$8:$H$40," ","")&",",LEN($C21&"")+1)=$C21&",",ROW('111 Wall_CTNR Schedule'!$H$8:$H$40)-ROW('111 Wall_CTNR Schedule'!$H$8)+1),COLUMNS($D21:D21))),"")} | F21: {=IFERROR("CTN " & INDEX('111 Wall_CTNR Schedule'!$E$8:$E$40,SMALL(IF(LEFT(SUBSTITUTE('111 Wall_CTNR Schedule'!$H$8:$H$40," ","")&",",LEN($C21&"")+1)=$C21&",",ROW('111 Wall_CTNR Schedule'!$H$8:$H$40)-ROW('111 Wall_CTNR Schedule'!$H$8)+1),COLUMNS($D21:E21))),"")} | G21: {=IFERROR("CTN " & INDEX('111 Wall_CTNR Schedule'!$E$8:$E$40,SMALL(IF(LEFT(SUBSTITUTE('111 Wall_CTNR Schedule'!$H$8:$H$40," ","")&",",LEN($C21&"")+1)=$C21&",",ROW('111 Wall_CTNR Schedule'!$H$8:$H$40)-ROW('111 Wall_CTNR Schedule'!$H$8)+1),COLUMNS($D21:F21))),"")} | H21: {=IFERROR("CTN " & INDEX('111 Wall_CTNR Schedule'!$E$8:$E$40,SMALL(IF(LEFT(SUBSTITUTE('111 Wall_CTNR Schedule'!$H$8:$H$40," ","")&",",LEN($C21&"")+1)=$C21&",",ROW('111 Wall_CTNR Schedule'!$H$8:$H$40)-ROW('111 Wall_CTNR Schedule'!$H$8)+1),COLUMNS($D21:G21))),"")} | I21: {=IFERROR("CTN " & INDEX('111 Wall_CTNR Schedule'!$E$8:$E$40,SMALL(IF(LEFT(SUBSTITUTE('111 Wall_CTNR Schedule'!$H$8:$H$40," ","")&",",LEN($C21&"")+1)=$C21&",",ROW('111 Wall_CTNR Schedule'!$H$8:$H$40)-ROW('111 Wall_CTNR Schedule'!$H$8)+1),COLUMNS($D21:H21))),"")} | J21: {=IFERROR("CTN " & INDEX('111 Wall_CTNR Schedule'!$E$8:$E$40,SMALL(IF(LEFT(SUBSTITUTE('111 Wall_CTNR Schedule'!$H$8:$H$40," ","")&",",LEN($C21&"")+1)=$C21&",",ROW('111 Wall_CTNR Schedule'!$H$8:$H$40)-ROW('111 Wall_CTNR Schedule'!$H$8)+1),COLUMNS($D21:I21))),"")} | K21: {=IFERROR("CTN " & INDEX('111 Wall_CTNR Schedule'!$E$8:$E$40,SMALL(IF(LEFT(SUBSTITUTE('111 Wall_CTNR Schedule'!$H$8:$H$40," ","")&",",LEN($C21&"")+1)=$C21&",",ROW('111 Wall_CTNR Schedule'!$H$8:$H$40)-ROW('111 Wall_CTNR Schedule'!$H$8)+1),COLUMNS($D21:J21))),"")} | L21: {=IFERROR("CTN " & INDEX('111 Wall_CTNR Schedule'!$E$8:$E$40,SMALL(IF(LEFT(SUBSTITUTE('111 Wall_CTNR Schedule'!$H$8:$H$40," ","")&",",LEN($C21&"")+1)=$C21&",",ROW('111 Wall_CTNR Schedule'!$H$8:$H$40)-ROW('111 Wall_CTNR Schedule'!$H$8)+1),COLUMNS($D21:K21))),"")} | ... N21: {=IFERROR("CTN " & INDEX('111 Wall_CTNR Schedule'!$E$8:$E$40,SMALL(IF(LEFT(SUBSTITUTE('111 Wall_CTNR Schedule'!$H$8:$H$40," ","")&",",LEN($C21&"")+1)=$C21&",",ROW('111 Wall_CTNR Schedule'!$H$8:$H$40)-ROW('111 Wall_CTNR Schedule'!$H$8)+1),COLUMNS($D21:M21))),"")}
C22: 19 | D22: 46510 | E22: {=IFERROR("CTN " & INDEX('111 Wall_CTNR Schedule'!$E$8:$E$40,SMALL(IF(LEFT(SUBSTITUTE('111 Wall_CTNR Schedule'!$H$8:$H$40," ","")&",",LEN($C22&"")+1)=$C22&",",ROW('111 Wall_CTNR Schedule'!$H$8:$H$40)-ROW('111 Wall_CTNR Schedule'!$H$8)+1),COLUMNS($D22:D22))),"")} | F22: {=IFERROR("CTN " & INDEX('111 Wall_CTNR Schedule'!$E$8:$E$40,SMALL(IF(LEFT(SUBSTITUTE('111 Wall_CTNR Schedule'!$H$8:$H$40," ","")&",",LEN($C22&"")+1)=$C22&",",ROW('111 Wall_CTNR Schedule'!$H$8:$H$40)-ROW('111 Wall_CTNR Schedule'!$H$8)+1),COLUMNS($D22:E22))),"")} | G22: {=IFERROR("CTN " & INDEX('111 Wall_CTNR Schedule'!$E$8:$E$40,SMALL(IF(LEFT(SUBSTITUTE('111 Wall_CTNR Schedule'!$H$8:$H$40," ","")&",",LEN($C22&"")+1)=$C22&",",ROW('111 Wall_CTNR Schedule'!$H$8:$H$40)-ROW('111 Wall_CTNR Schedule'!$H$8)+1),COLUMNS($D22:F22))),"")} | H22: {=IFERROR("CTN " & INDEX('111 Wall_CTNR Schedule'!$E$8:$E$40,SMALL(IF(LEFT(SUBSTITUTE('111 Wall_CTNR Schedule'!$H$8:$H$40," ","")&",",LEN($C22&"")+1)=$C22&",",ROW('111 Wall_CTNR Schedule'!$H$8:$H$40)-ROW('111 Wall_CTNR Schedule'!$H$8)+1),COLUMNS($D22:G22))),"")} | I22: {=IFERROR("CTN " & INDEX('111 Wall_CTNR Schedule'!$E$8:$E$40,SMALL(IF(LEFT(SUBSTITUTE('111 Wall_CTNR Schedule'!$H$8:$H$40," ","")&",",LEN($C22&"")+1)=$C22&",",ROW('111 Wall_CTNR Schedule'!$H$8:$H$40)-ROW('111 Wall_CTNR Schedule'!$H$8)+1),COLUMNS($D22:H22))),"")} | J22: {=IFERROR("CTN " & INDEX('111 Wall_CTNR Schedule'!$E$8:$E$40,SMALL(IF(LEFT(SUBSTITUTE('111 Wall_CTNR Schedule'!$H$8:$H$40," ","")&",",LEN($C22&"")+1)=$C22&",",ROW('111 Wall_CTNR Schedule'!$H$8:$H$40)-ROW('111 Wall_CTNR Schedule'!$H$8)+1),COLUMNS($D22:I22))),"")} | K22: {=IFERROR("CTN " & INDEX('111 Wall_CTNR Schedule'!$E$8:$E$40,SMALL(IF(LEFT(SUBSTITUTE('111 Wall_CTNR Schedule'!$H$8:$H$40," ","")&",",LEN($C22&"")+1)=$C22&",",ROW('111 Wall_CTNR Schedule'!$H$8:$H$40)-ROW('111 Wall_CTNR Schedule'!$H$8)+1),COLUMNS($D22:J22))),"")} | L22: {=IFERROR("CTN " & INDEX('111 Wall_CTNR Schedule'!$E$8:$E$40,SMALL(IF(LEFT(SUBSTITUTE('111 Wall_CTNR Schedule'!$H$8:$H$40," ","")&",",LEN($C22&"")+1)=$C22&",",ROW('111 Wall_CTNR Schedule'!$H$8:$H$40)-ROW('111 Wall_CTNR Schedule'!$H$8)+1),COLUMNS($D22:K22))),"")} | ... N22: {=IFERROR("CTN " & INDEX('111 Wall_CTNR Schedule'!$E$8:$E$40,SMALL(IF(LEFT(SUBSTITUTE('111 Wall_CTNR Schedule'!$H$8:$H$40," ","")&",",LEN($C22&"")+1)=$C22&",",ROW('111 Wall_CTNR Schedule'!$H$8:$H$40)-ROW('111 Wall_CTNR Schedule'!$H$8)+1),COLUMNS($D22:M22))),"")}
C23: 20 | D23: 46524 | E23: {=IFERROR("CTN " & INDEX('111 Wall_CTNR Schedule'!$E$8:$E$40,SMALL(IF(LEFT(SUBSTITUTE('111 Wall_CTNR Schedule'!$H$8:$H$40," ","")&",",LEN($C23&"")+1)=$C23&",",ROW('111 Wall_CTNR Schedule'!$H$8:$H$40)-ROW('111 Wall_CTNR Schedule'!$H$8)+1),COLUMNS($D23:D23))),"")} | F23: {=IFERROR("CTN " & INDEX('111 Wall_CTNR Schedule'!$E$8:$E$40,SMALL(IF(LEFT(SUBSTITUTE('111 Wall_CTNR Schedule'!$H$8:$H$40," ","")&",",LEN($C23&"")+1)=$C23&",",ROW('111 Wall_CTNR Schedule'!$H$8:$H$40)-ROW('111 Wall_CTNR Schedule'!$H$8)+1),COLUMNS($D23:E23))),"")} | G23: {=IFERROR("CTN " & INDEX('111 Wall_CTNR Schedule'!$E$8:$E$40,SMALL(IF(LEFT(SUBSTITUTE('111 Wall_CTNR Schedule'!$H$8:$H$40," ","")&",",LEN($C23&"")+1)=$C23&",",ROW('111 Wall_CTNR Schedule'!$H$8:$H$40)-ROW('111 Wall_CTNR Schedule'!$H$8)+1),COLUMNS($D23:F23))),"")} | H23: {=IFERROR("CTN " & INDEX('111 Wall_CTNR Schedule'!$E$8:$E$40,SMALL(IF(LEFT(SUBSTITUTE('111 Wall_CTNR Schedule'!$H$8:$H$40," ","")&",",LEN($C23&"")+1)=$C23&",",ROW('111 Wall_CTNR Schedule'!$H$8:$H$40)-ROW('111 Wall_CTNR Schedule'!$H$8)+1),COLUMNS($D23:G23))),"")} | I23: {=IFERROR("CTN " & INDEX('111 Wall_CTNR Schedule'!$E$8:$E$40,SMALL(IF(LEFT(SUBSTITUTE('111 Wall_CTNR Schedule'!$H$8:$H$40," ","")&",",LEN($C23&"")+1)=$C23&",",ROW('111 Wall_CTNR Schedule'!$H$8:$H$40)-ROW('111 Wall_CTNR Schedule'!$H$8)+1),COLUMNS($D23:H23))),"")} | J23: {=IFERROR("CTN " & INDEX('111 Wall_CTNR Schedule'!$E$8:$E$40,SMALL(IF(LEFT(SUBSTITUTE('111 Wall_CTNR Schedule'!$H$8:$H$40," ","")&",",LEN($C23&"")+1)=$C23&",",ROW('111 Wall_CTNR Schedule'!$H$8:$H$40)-ROW('111 Wall_CTNR Schedule'!$H$8)+1),COLUMNS($D23:I23))),"")} | K23: {=IFERROR("CTN " & INDEX('111 Wall_CTNR Schedule'!$E$8:$E$40,SMALL(IF(LEFT(SUBSTITUTE('111 Wall_CTNR Schedule'!$H$8:$H$40," ","")&",",LEN($C23&"")+1)=$C23&",",ROW('111 Wall_CTNR Schedule'!$H$8:$H$40)-ROW('111 Wall_CTNR Schedule'!$H$8)+1),COLUMNS($D23:J23))),"")} | L23: {=IFERROR("CTN " & INDEX('111 Wall_CTNR Schedule'!$E$8:$E$40,SMALL(IF(LEFT(SUBSTITUTE('111 Wall_CTNR Schedule'!$H$8:$H$40," ","")&",",LEN($C23&"")+1)=$C23&",",ROW('111 Wall_CTNR Schedule'!$H$8:$H$40)-ROW('111 Wall_CTNR Schedule'!$H$8)+1),COLUMNS($D23:K23))),"")} | ... N23: {=IFERROR("CTN " & INDEX('111 Wall_CTNR Schedule'!$E$8:$E$40,SMALL(IF(LEFT(SUBSTITUTE('111 Wall_CTNR Schedule'!$H$8:$H$40," ","")&",",LEN($C23&"")+1)=$C23&",",ROW('111 Wall_CTNR Schedule'!$H$8:$H$40)-ROW('111 Wall_CTNR Schedule'!$H$8)+1),COLUMNS($D23:M23))),"")}
C24: 21 | D24: 46538 | E24: {=IFERROR("CTN " & INDEX('111 Wall_CTNR Schedule'!$E$8:$E$40,SMALL(IF(LEFT(SUBSTITUTE('111 Wall_CTNR Schedule'!$H$8:$H$40," ","")&",",LEN($C24&"")+1)=$C24&",",ROW('111 Wall_CTNR Schedule'!$H$8:$H$40)-ROW('111 Wall_CTNR Schedule'!$H$8)+1),COLUMNS($D24:D24))),"")} | F24: {=IFERROR("CTN " & INDEX('111 Wall_CTNR Schedule'!$E$8:$E$40,SMALL(IF(LEFT(SUBSTITUTE('111 Wall_CTNR Schedule'!$H$8:$H$40," ","")&",",LEN($C24&"")+1)=$C24&",",ROW('111 Wall_CTNR Schedule'!$H$8:$H$40)-ROW('111 Wall_CTNR Schedule'!$H$8)+1),COLUMNS($D24:E24))),"")} | G24: {=IFERROR("CTN " & INDEX('111 Wall_CTNR Schedule'!$E$8:$E$40,SMALL(IF(LEFT(SUBSTITUTE('111 Wall_CTNR Schedule'!$H$8:$H$40," ","")&",",LEN($C24&"")+1)=$C24&",",ROW('111 Wall_CTNR Schedule'!$H$8:$H$40)-ROW('111 Wall_CTNR Schedule'!$H$8)+1),COLUMNS($D24:F24))),"")} | H24: {=IFERROR("CTN " & INDEX('111 Wall_CTNR Schedule'!$E$8:$E$40,SMALL(IF(LEFT(SUBSTITUTE('111 Wall_CTNR Schedule'!$H$8:$H$40," ","")&",",LEN($C24&"")+1)=$C24&",",ROW('111 Wall_CTNR Schedule'!$H$8:$H$40)-ROW('111 Wall_CTNR Schedule'!$H$8)+1),COLUMNS($D24:G24))),"")} | I24: {=IFERROR("CTN " & INDEX('111 Wall_CTNR Schedule'!$E$8:$E$40,SMALL(IF(LEFT(SUBSTITUTE('111 Wall_CTNR Schedule'!$H$8:$H$40," ","")&",",LEN($C24&"")+1)=$C24&",",ROW('111 Wall_CTNR Schedule'!$H$8:$H$40)-ROW('111 Wall_CTNR Schedule'!$H$8)+1),COLUMNS($D24:H24))),"")} | J24: {=IFERROR("CTN " & INDEX('111 Wall_CTNR Schedule'!$E$8:$E$40,SMALL(IF(LEFT(SUBSTITUTE('111 Wall_CTNR Schedule'!$H$8:$H$40," ","")&",",LEN($C24&"")+1)=$C24&",",ROW('111 Wall_CTNR Schedule'!$H$8:$H$40)-ROW('111 Wall_CTNR Schedule'!$H$8)+1),COLUMNS($D24:I24))),"")} | K24: {=IFERROR("CTN " & INDEX('111 Wall_CTNR Schedule'!$E$8:$E$40,SMALL(IF(LEFT(SUBSTITUTE('111 Wall_CTNR Schedule'!$H$8:$H$40," ","")&",",LEN($C24&"")+1)=$C24&",",ROW('111 Wall_CTNR Schedule'!$H$8:$H$40)-ROW('111 Wall_CTNR Schedule'!$H$8)+1),COLUMNS($D24:J24))),"")} | L24: {=IFERROR("CTN " & INDEX('111 Wall_CTNR Schedule'!$E$8:$E$40,SMALL(IF(LEFT(SUBSTITUTE('111 Wall_CTNR Schedule'!$H$8:$H$40," ","")&",",LEN($C24&"")+1)=$C24&",",ROW('111 Wall_CTNR Schedule'!$H$8:$H$40)-ROW('111 Wall_CTNR Schedule'!$H$8)+1),COLUMNS($D24:K24))),"")} | ... N24: {=IFERROR("CTN " & INDEX('111 Wall_CTNR Schedule'!$E$8:$E$40,SMALL(IF(LEFT(SUBSTITUTE('111 Wall_CTNR Schedule'!$H$8:$H$40," ","")&",",LEN($C24&"")+1)=$C24&",",ROW('111 Wall_CTNR Schedule'!$H$8:$H$40)-ROW('111 Wall_CTNR Schedule'!$H$8)+1),COLUMNS($D24:M24))),"")}
C25: 22 | D25: 46552 | E25: {=IFERROR("CTN " & INDEX('111 Wall_CTNR Schedule'!$E$8:$E$40,SMALL(IF(LEFT(SUBSTITUTE('111 Wall_CTNR Schedule'!$H$8:$H$40," ","")&",",LEN($C25&"")+1)=$C25&",",ROW('111 Wall_CTNR Schedule'!$H$8:$H$40)-ROW('111 Wall_CTNR Schedule'!$H$8)+1),COLUMNS($D25:D25))),"")} | F25: {=IFERROR("CTN " & INDEX('111 Wall_CTNR Schedule'!$E$8:$E$40,SMALL(IF(LEFT(SUBSTITUTE('111 Wall_CTNR Schedule'!$H$8:$H$40," ","")&",",LEN($C25&"")+1)=$C25&",",ROW('111 Wall_CTNR Schedule'!$H$8:$H$40)-ROW('111 Wall_CTNR Schedule'!$H$8)+1),COLUMNS($D25:E25))),"")} | G25: {=IFERROR("CTN " & INDEX('111 Wall_CTNR Schedule'!$E$8:$E$40,SMALL(IF(LEFT(SUBSTITUTE('111 Wall_CTNR Schedule'!$H$8:$H$40," ","")&",",LEN($C25&"")+1)=$C25&",",ROW('111 Wall_CTNR Schedule'!$H$8:$H$40)-ROW('111 Wall_CTNR Schedule'!$H$8)+1),COLUMNS($D25:F25))),"")} | H25: {=IFERROR("CTN " & INDEX('111 Wall_CTNR Schedule'!$E$8:$E$40,SMALL(IF(LEFT(SUBSTITUTE('111 Wall_CTNR Schedule'!$H$8:$H$40," ","")&",",LEN($C25&"")+1)=$C25&",",ROW('111 Wall_CTNR Schedule'!$H$8:$H$40)-ROW('111 Wall_CTNR Schedule'!$H$8)+1),COLUMNS($D25:G25))),"")} | I25: {=IFERROR("CTN " & INDEX('111 Wall_CTNR Schedule'!$E$8:$E$40,SMALL(IF(LEFT(SUBSTITUTE('111 Wall_CTNR Schedule'!$H$8:$H$40," ","")&",",LEN($C25&"")+1)=$C25&",",ROW('111 Wall_CTNR Schedule'!$H$8:$H$40)-ROW('111 Wall_CTNR Schedule'!$H$8)+1),COLUMNS($D25:H25))),"")} | J25: {=IFERROR("CTN " & INDEX('111 Wall_CTNR Schedule'!$E$8:$E$40,SMALL(IF(LEFT(SUBSTITUTE('111 Wall_CTNR Schedule'!$H$8:$H$40," ","")&",",LEN($C25&"")+1)=$C25&",",ROW('111 Wall_CTNR Schedule'!$H$8:$H$40)-ROW('111 Wall_CTNR Schedule'!$H$8)+1),COLUMNS($D25:I25))),"")} | K25: {=IFERROR("CTN " & INDEX('111 Wall_CTNR Schedule'!$E$8:$E$40,SMALL(IF(LEFT(SUBSTITUTE('111 Wall_CTNR Schedule'!$H$8:$H$40," ","")&",",LEN($C25&"")+1)=$C25&",",ROW('111 Wall_CTNR Schedule'!$H$8:$H$40)-ROW('111 Wall_CTNR Schedule'!$H$8)+1),COLUMNS($D25:J25))),"")} | L25: {=IFERROR("CTN " & INDEX('111 Wall_CTNR Schedule'!$E$8:$E$40,SMALL(IF(LEFT(SUBSTITUTE('111 Wall_CTNR Schedule'!$H$8:$H$40," ","")&",",LEN($C25&"")+1)=$C25&",",ROW('111 Wall_CTNR Schedule'!$H$8:$H$40)-ROW('111 Wall_CTNR Schedule'!$H$8)+1),COLUMNS($D25:K25))),"")} | ... N25: {=IFERROR("CTN " & INDEX('111 Wall_CTNR Schedule'!$E$8:$E$40,SMALL(IF(LEFT(SUBSTITUTE('111 Wall_CTNR Schedule'!$H$8:$H$40," ","")&",",LEN($C25&"")+1)=$C25&",",ROW('111 Wall_CTNR Schedule'!$H$8:$H$40)-ROW('111 Wall_CTNR Schedule'!$H$8)+1),COLUMNS($D25:M25))),"")}
C26: 23 | D26: 46566 | E26: {=IFERROR("CTN " & INDEX('111 Wall_CTNR Schedule'!$E$8:$E$40,SMALL(IF(LEFT(SUBSTITUTE('111 Wall_CTNR Schedule'!$H$8:$H$40," ","")&",",LEN($C26&"")+1)=$C26&",",ROW('111 Wall_CTNR Schedule'!$H$8:$H$40)-ROW('111 Wall_CTNR Schedule'!$H$8)+1),COLUMNS($D26:D26))),"")} | F26: {=IFERROR("CTN " & INDEX('111 Wall_CTNR Schedule'!$E$8:$E$40,SMALL(IF(LEFT(SUBSTITUTE('111 Wall_CTNR Schedule'!$H$8:$H$40," ","")&",",LEN($C26&"")+1)=$C26&",",ROW('111 Wall_CTNR Schedule'!$H$8:$H$40)-ROW('111 Wall_CTNR Schedule'!$H$8)+1),COLUMNS($D26:E26))),"")} | G26: {=IFERROR("CTN " & INDEX('111 Wall_CTNR Schedule'!$E$8:$E$40,SMALL(IF(LEFT(SUBSTITUTE('111 Wall_CTNR Schedule'!$H$8:$H$40," ","")&",",LEN($C26&"")+1)=$C26&",",ROW('111 Wall_CTNR Schedule'!$H$8:$H$40)-ROW('111 Wall_CTNR Schedule'!$H$8)+1),COLUMNS($D26:F26))),"")} | H26: {=IFERROR("CTN " & INDEX('111 Wall_CTNR Schedule'!$E$8:$E$40,SMALL(IF(LEFT(SUBSTITUTE('111 Wall_CTNR Schedule'!$H$8:$H$40," ","")&",",LEN($C26&"")+1)=$C26&",",ROW('111 Wall_CTNR Schedule'!$H$8:$H$40)-ROW('111 Wall_CTNR Schedule'!$H$8)+1),COLUMNS($D26:G26))),"")} | I26: {=IFERROR("CTN " & INDEX('111 Wall_CTNR Schedule'!$E$8:$E$40,SMALL(IF(LEFT(SUBSTITUTE('111 Wall_CTNR Schedule'!$H$8:$H$40," ","")&",",LEN($C26&"")+1)=$C26&",",ROW('111 Wall_CTNR Schedule'!$H$8:$H$40)-ROW('111 Wall_CTNR Schedule'!$H$8)+1),COLUMNS($D26:H26))),"")} | J26: {=IFERROR("CTN " & INDEX('111 Wall_CTNR Schedule'!$E$8:$E$40,SMALL(IF(LEFT(SUBSTITUTE('111 Wall_CTNR Schedule'!$H$8:$H$40," ","")&",",LEN($C26&"")+1)=$C26&",",ROW('111 Wall_CTNR Schedule'!$H$8:$H$40)-ROW('111 Wall_CTNR Schedule'!$H$8)+1),COLUMNS($D26:I26))),"")} | K26: {=IFERROR("CTN " & INDEX('111 Wall_CTNR Schedule'!$E$8:$E$40,SMALL(IF(LEFT(SUBSTITUTE('111 Wall_CTNR Schedule'!$H$8:$H$40," ","")&",",LEN($C26&"")+1)=$C26&",",ROW('111 Wall_CTNR Schedule'!$H$8:$H$40)-ROW('111 Wall_CTNR Schedule'!$H$8)+1),COLUMNS($D26:J26))),"")} | L26: {=IFERROR("CTN " & INDEX('111 Wall_CTNR Schedule'!$E$8:$E$40,SMALL(IF(LEFT(SUBSTITUTE('111 Wall_CTNR Schedule'!$H$8:$H$40," ","")&",",LEN($C26&"")+1)=$C26&",",ROW('111 Wall_CTNR Schedule'!$H$8:$H$40)-ROW('111 Wall_CTNR Schedule'!$H$8)+1),COLUMNS($D26:K26))),"")} | ... N26: {=IFERROR("CTN " & INDEX('111 Wall_CTNR Schedule'!$E$8:$E$40,SMALL(IF(LEFT(SUBSTITUTE('111 Wall_CTNR Schedule'!$H$8:$H$40," ","")&",",LEN($C26&"")+1)=$C26&",",ROW('111 Wall_CTNR Schedule'!$H$8:$H$40)-ROW('111 Wall_CTNR Schedule'!$H$8)+1),COLUMNS($D26:M26))),"")}
B27: TCO#4 | C27: 24 | D27: -- | E27: {=IFERROR("CTN " & INDEX('111 Wall_CTNR Schedule'!$E$8:$E$40,SMALL(IF(LEFT(SUBSTITUTE('111 Wall_CTNR Schedule'!$H$8:$H$40," ","")&",",LEN($C27&"")+1)=$C27&",",ROW('111 Wall_CTNR Schedule'!$H$8:$H$40)-ROW('111 Wall_CTNR Schedule'!$H$8)+1),COLUMNS($D27:D27))),"")} | F27: {=IFERROR("CTN " & INDEX('111 Wall_CTNR Schedule'!$E$8:$E$40,SMALL(IF(LEFT(SUBSTITUTE('111 Wall_CTNR Schedule'!$H$8:$H$40," ","")&",",LEN($C27&"")+1)=$C27&",",ROW('111 Wall_CTNR Schedule'!$H$8:$H$40)-ROW('111 Wall_CTNR Schedule'!$H$8)+1),COLUMNS($D27:E27))),"")} | G27: {=IFERROR("CTN " & INDEX('111 Wall_CTNR Schedule'!$E$8:$E$40,SMALL(IF(LEFT(SUBSTITUTE('111 Wall_CTNR Schedule'!$H$8:$H$40," ","")&",",LEN($C27&"")+1)=$C27&",",ROW('111 Wall_CTNR Schedule'!$H$8:$H$40)-ROW('111 Wall_CTNR Schedule'!$H$8)+1),COLUMNS($D27:F27))),"")} | H27: {=IFERROR("CTN " & INDEX('111 Wall_CTNR Schedule'!$E$8:$E$40,SMALL(IF(LEFT(SUBSTITUTE('111 Wall_CTNR Schedule'!$H$8:$H$40," ","")&",",LEN($C27&"")+1)=$C27&",",ROW('111 Wall_CTNR Schedule'!$H$8:$H$40)-ROW('111 Wall_CTNR Schedule'!$H$8)+1),COLUMNS($D27:G27))),"")} | I27: {=IFERROR("CTN " & INDEX('111 Wall_CTNR Schedule'!$E$8:$E$40,SMALL(IF(LEFT(SUBSTITUTE('111 Wall_CTNR Schedule'!$H$8:$H$40," ","")&",",LEN($C27&"")+1)=$C27&",",ROW('111 Wall_CTNR Schedule'!$H$8:$H$40)-ROW('111 Wall_CTNR Schedule'!$H$8)+1),COLUMNS($D27:H27))),"")} | J27: {=IFERROR("CTN " & INDEX('111 Wall_CTNR Schedule'!$E$8:$E$40,SMALL(IF(LEFT(SUBSTITUTE('111 Wall_CTNR Schedule'!$H$8:$H$40," ","")&",",LEN($C27&"")+1)=$C27&",",ROW('111 Wall_CTNR Schedule'!$H$8:$H$40)-ROW('111 Wall_CTNR Schedule'!$H$8)+1),COLUMNS($D27:I27))),"")} | K27: {=IFERROR("CTN " & INDEX('111 Wall_CTNR Schedule'!$E$8:$E$40,SMALL(IF(LEFT(SUBSTITUTE('111 Wall_CTNR Schedule'!$H$8:$H$40," ","")&",",LEN($C27&"")+1)=$C27&",",ROW('111 Wall_CTNR Schedule'!$H$8:$H$40)-ROW('111 Wall_CTNR Schedule'!$H$8)+1),COLUMNS($D27:J27))),"")} | L27: {=IFERROR("CTN " & INDEX('111 Wall_CTNR Schedule'!$E$8:$E$40,SMALL(IF(LEFT(SUBSTITUTE('111 Wall_CTNR Schedule'!$H$8:$H$40," ","")&",",LEN($C27&"")+1)=$C27&",",ROW('111 Wall_CTNR Schedule'!$H$8:$H$40)-ROW('111 Wall_CTNR Schedule'!$H$8)+1),COLUMNS($D27:K27))),"")} | ... N27: {=IFERROR("CTN " & INDEX('111 Wall_CTNR Schedule'!$E$8:$E$40,SMALL(IF(LEFT(SUBSTITUTE('111 Wall_CTNR Schedule'!$H$8:$H$40," ","")&",",LEN($C27&"")+1)=$C27&",",ROW('111 Wall_CTNR Schedule'!$H$8:$H$40)-ROW('111 Wall_CTNR Schedule'!$H$8)+1),COLUMNS($D27:M27))),"")}
C28: 25 | D28: -- | E28: {=IFERROR("CTN " & INDEX('111 Wall_CTNR Schedule'!$E$8:$E$40,SMALL(IF(LEFT(SUBSTITUTE('111 Wall_CTNR Schedule'!$H$8:$H$40," ","")&",",LEN($C28&"")+1)=$C28&",",ROW('111 Wall_CTNR Schedule'!$H$8:$H$40)-ROW('111 Wall_CTNR Schedule'!$H$8)+1),COLUMNS($D28:D28))),"")} | F28: {=IFERROR("CTN " & INDEX('111 Wall_CTNR Schedule'!$E$8:$E$40,SMALL(IF(LEFT(SUBSTITUTE('111 Wall_CTNR Schedule'!$H$8:$H$40," ","")&",",LEN($C28&"")+1)=$C28&",",ROW('111 Wall_CTNR Schedule'!$H$8:$H$40)-ROW('111 Wall_CTNR Schedule'!$H$8)+1),COLUMNS($D28:E28))),"")} | G28: {=IFERROR("CTN " & INDEX('111 Wall_CTNR Schedule'!$E$8:$E$40,SMALL(IF(LEFT(SUBSTITUTE('111 Wall_CTNR Schedule'!$H$8:$H$40," ","")&",",LEN($C28&"")+1)=$C28&",",ROW('111 Wall_CTNR Schedule'!$H$8:$H$40)-ROW('111 Wall_CTNR Schedule'!$H$8)+1),COLUMNS($D28:F28))),"")} | H28: {=IFERROR("CTN " & INDEX('111 Wall_CTNR Schedule'!$E$8:$E$40,SMALL(IF(LEFT(SUBSTITUTE('111 Wall_CTNR Schedule'!$H$8:$H$40," ","")&",",LEN($C28&"")+1)=$C28&",",ROW('111 Wall_CTNR Schedule'!$H$8:$H$40)-ROW('111 Wall_CTNR Schedule'!$H$8)+1),COLUMNS($D28:G28))),"")} | I28: {=IFERROR("CTN " & INDEX('111 Wall_CTNR Schedule'!$E$8:$E$40,SMALL(IF(LEFT(SUBSTITUTE('111 Wall_CTNR Schedule'!$H$8:$H$40," ","")&",",LEN($C28&"")+1)=$C28&",",ROW('111 Wall_CTNR Schedule'!$H$8:$H$40)-ROW('111 Wall_CTNR Schedule'!$H$8)+1),COLUMNS($D28:H28))),"")} | J28: {=IFERROR("CTN " & INDEX('111 Wall_CTNR Schedule'!$E$8:$E$40,SMALL(IF(LEFT(SUBSTITUTE('111 Wall_CTNR Schedule'!$H$8:$H$40," ","")&",",LEN($C28&"")+1)=$C28&",",ROW('111 Wall_CTNR Schedule'!$H$8:$H$40)-ROW('111 Wall_CTNR Schedule'!$H$8)+1),COLUMNS($D28:I28))),"")} | K28: {=IFERROR("CTN " & INDEX('111 Wall_CTNR Schedule'!$E$8:$E$40,SMALL(IF(LEFT(SUBSTITUTE('111 Wall_CTNR Schedule'!$H$8:$H$40," ","")&",",LEN($C28&"")+1)=$C28&",",ROW('111 Wall_CTNR Schedule'!$H$8:$H$40)-ROW('111 Wall_CTNR Schedule'!$H$8)+1),COLUMNS($D28:J28))),"")} | L28: {=IFERROR("CTN " & INDEX('111 Wall_CTNR Schedule'!$E$8:$E$40,SMALL(IF(LEFT(SUBSTITUTE('111 Wall_CTNR Schedule'!$H$8:$H$40," ","")&",",LEN($C28&"")+1)=$C28&",",ROW('111 Wall_CTNR Schedule'!$H$8:$H$40)-ROW('111 Wall_CTNR Schedule'!$H$8)+1),COLUMNS($D28:K28))),"")} | ... N28: {=IFERROR("CTN " & INDEX('111 Wall_CTNR Schedule'!$E$8:$E$40,SMALL(IF(LEFT(SUBSTITUTE('111 Wall_CTNR Schedule'!$H$8:$H$40," ","")&",",LEN($C28&"")+1)=$C28&",",ROW('111 Wall_CTNR Schedule'!$H$8:$H$40)-ROW('111 Wall_CTNR Schedule'!$H$8)+1),COLUMNS($D28:M28))),"")}
C29: 26 | D29: -- | E29: {=IFERROR("CTN " & INDEX('111 Wall_CTNR Schedule'!$E$8:$E$40,SMALL(IF(LEFT(SUBSTITUTE('111 Wall_CTNR Schedule'!$H$8:$H$40," ","")&",",LEN($C29&"")+1)=$C29&",",ROW('111 Wall_CTNR Schedule'!$H$8:$H$40)-ROW('111 Wall_CTNR Schedule'!$H$8)+1),COLUMNS($D29:D29))),"")} | F29: {=IFERROR("CTN " & INDEX('111 Wall_CTNR Schedule'!$E$8:$E$40,SMALL(IF(LEFT(SUBSTITUTE('111 Wall_CTNR Schedule'!$H$8:$H$40," ","")&",",LEN($C29&"")+1)=$C29&",",ROW('111 Wall_CTNR Schedule'!$H$8:$H$40)-ROW('111 Wall_CTNR Schedule'!$H$8)+1),COLUMNS($D29:E29))),"")} | G29: {=IFERROR("CTN " & INDEX('111 Wall_CTNR Schedule'!$E$8:$E$40,SMALL(IF(LEFT(SUBSTITUTE('111 Wall_CTNR Schedule'!$H$8:$H$40," ","")&",",LEN($C29&"")+1)=$C29&",",ROW('111 Wall_CTNR Schedule'!$H$8:$H$40)-ROW('111 Wall_CTNR Schedule'!$H$8)+1),COLUMNS($D29:F29))),"")} | H29: {=IFERROR("CTN " & INDEX('111 Wall_CTNR Schedule'!$E$8:$E$40,SMALL(IF(LEFT(SUBSTITUTE('111 Wall_CTNR Schedule'!$H$8:$H$40," ","")&",",LEN($C29&"")+1)=$C29&",",ROW('111 Wall_CTNR Schedule'!$H$8:$H$40)-ROW('111 Wall_CTNR Schedule'!$H$8)+1),COLUMNS($D29:G29))),"")} | I29: {=IFERROR("CTN " & INDEX('111 Wall_CTNR Schedule'!$E$8:$E$40,SMALL(IF(LEFT(SUBSTITUTE('111 Wall_CTNR Schedule'!$H$8:$H$40," ","")&",",LEN($C29&"")+1)=$C29&",",ROW('111 Wall_CTNR Schedule'!$H$8:$H$40)-ROW('111 Wall_CTNR Schedule'!$H$8)+1),COLUMNS($D29:H29))),"")} | J29: {=IFERROR("CTN " & INDEX('111 Wall_CTNR Schedule'!$E$8:$E$40,SMALL(IF(LEFT(SUBSTITUTE('111 Wall_CTNR Schedule'!$H$8:$H$40," ","")&",",LEN($C29&"")+1)=$C29&",",ROW('111 Wall_CTNR Schedule'!$H$8:$H$40)-ROW('111 Wall_CTNR Schedule'!$H$8)+1),COLUMNS($D29:I29))),"")} | K29: {=IFERROR("CTN " & INDEX('111 Wall_CTNR Schedule'!$E$8:$E$40,SMALL(IF(LEFT(SUBSTITUTE('111 Wall_CTNR Schedule'!$H$8:$H$40," ","")&",",LEN($C29&"")+1)=$C29&",",ROW('111 Wall_CTNR Schedule'!$H$8:$H$40)-ROW('111 Wall_CTNR Schedule'!$H$8)+1),COLUMNS($D29:J29))),"")} | L29: {=IFERROR("CTN " & INDEX('111 Wall_CTNR Schedule'!$E$8:$E$40,SMALL(IF(LEFT(SUBSTITUTE('111 Wall_CTNR Schedule'!$H$8:$H$40," ","")&",",LEN($C29&"")+1)=$C29&",",ROW('111 Wall_CTNR Schedule'!$H$8:$H$40)-ROW('111 Wall_CTNR Schedule'!$H$8)+1),COLUMNS($D29:K29))),"")} | ... N29: {=IFERROR("CTN " & INDEX('111 Wall_CTNR Schedule'!$E$8:$E$40,SMALL(IF(LEFT(SUBSTITUTE('111 Wall_CTNR Schedule'!$H$8:$H$40," ","")&",",LEN($C29&"")+1)=$C29&",",ROW('111 Wall_CTNR Schedule'!$H$8:$H$40)-ROW('111 Wall_CTNR Schedule'!$H$8)+1),COLUMNS($D29:M29))),"")}
C30: 27 | D30: -- | E30: {=IFERROR("CTN " & INDEX('111 Wall_CTNR Schedule'!$E$8:$E$40,SMALL(IF(LEFT(SUBSTITUTE('111 Wall_CTNR Schedule'!$H$8:$H$40," ","")&",",LEN($C30&"")+1)=$C30&",",ROW('111 Wall_CTNR Schedule'!$H$8:$H$40)-ROW('111 Wall_CTNR Schedule'!$H$8)+1),COLUMNS($D30:D30))),"")} | F30: {=IFERROR("CTN " & INDEX('111 Wall_CTNR Schedule'!$E$8:$E$40,SMALL(IF(LEFT(SUBSTITUTE('111 Wall_CTNR Schedule'!$H$8:$H$40," ","")&",",LEN($C30&"")+1)=$C30&",",ROW('111 Wall_CTNR Schedule'!$H$8:$H$40)-ROW('111 Wall_CTNR Schedule'!$H$8)+1),COLUMNS($D30:E30))),"")} | G30: {=IFERROR("CTN " & INDEX('111 Wall_CTNR Schedule'!$E$8:$E$40,SMALL(IF(LEFT(SUBSTITUTE('111 Wall_CTNR Schedule'!$H$8:$H$40," ","")&",",LEN($C30&"")+1)=$C30&",",ROW('111 Wall_CTNR Schedule'!$H$8:$H$40)-ROW('111 Wall_CTNR Schedule'!$H$8)+1),COLUMNS($D30:F30))),"")} | H30: {=IFERROR("CTN " & INDEX('111 Wall_CTNR Schedule'!$E$8:$E$40,SMALL(IF(LEFT(SUBSTITUTE('111 Wall_CTNR Schedule'!$H$8:$H$40," ","")&",",LEN($C30&"")+1)=$C30&",",ROW('111 Wall_CTNR Schedule'!$H$8:$H$40)-ROW('111 Wall_CTNR Schedule'!$H$8)+1),COLUMNS($D30:G30))),"")} | I30: {=IFERROR("CTN " & INDEX('111 Wall_CTNR Schedule'!$E$8:$E$40,SMALL(IF(LEFT(SUBSTITUTE('111 Wall_CTNR Schedule'!$H$8:$H$40," ","")&",",LEN($C30&"")+1)=$C30&",",ROW('111 Wall_CTNR Schedule'!$H$8:$H$40)-ROW('111 Wall_CTNR Schedule'!$H$8)+1),COLUMNS($D30:H30))),"")} | J30: {=IFERROR("CTN " & INDEX('111 Wall_CTNR Schedule'!$E$8:$E$40,SMALL(IF(LEFT(SUBSTITUTE('111 Wall_CTNR Schedule'!$H$8:$H$40," ","")&",",LEN($C30&"")+1)=$C30&",",ROW('111 Wall_CTNR Schedule'!$H$8:$H$40)-ROW('111 Wall_CTNR Schedule'!$H$8)+1),COLUMNS($D30:I30))),"")} | K30: {=IFERROR("CTN " & INDEX('111 Wall_CTNR Schedule'!$E$8:$E$40,SMALL(IF(LEFT(SUBSTITUTE('111 Wall_CTNR Schedule'!$H$8:$H$40," ","")&",",LEN($C30&"")+1)=$C30&",",ROW('111 Wall_CTNR Schedule'!$H$8:$H$40)-ROW('111 Wall_CTNR Schedule'!$H$8)+1),COLUMNS($D30:J30))),"")} | L30: {=IFERROR("CTN " & INDEX('111 Wall_CTNR Schedule'!$E$8:$E$40,SMALL(IF(LEFT(SUBSTITUTE('111 Wall_CTNR Schedule'!$H$8:$H$40," ","")&",",LEN($C30&"")+1)=$C30&",",ROW('111 Wall_CTNR Schedule'!$H$8:$H$40)-ROW('111 Wall_CTNR Schedule'!$H$8)+1),COLUMNS($D30:K30))),"")} | ... N30: {=IFERROR("CTN " & INDEX('111 Wall_CTNR Schedule'!$E$8:$E$40,SMALL(IF(LEFT(SUBSTITUTE('111 Wall_CTNR Schedule'!$H$8:$H$40," ","")&",",LEN($C30&"")+1)=$C30&",",ROW('111 Wall_CTNR Schedule'!$H$8:$H$40)-ROW('111 Wall_CTNR Schedule'!$H$8)+1),COLUMNS($D30:M30))),"")}
C31: 28 | D31: -- | E31: {=IFERROR("CTN " & INDEX('111 Wall_CTNR Schedule'!$E$8:$E$40,SMALL(IF(LEFT(SUBSTITUTE('111 Wall_CTNR Schedule'!$H$8:$H$40," ","")&",",LEN($C31&"")+1)=$C31&",",ROW('111 Wall_CTNR Schedule'!$H$8:$H$40)-ROW('111 Wall_CTNR Schedule'!$H$8)+1),COLUMNS($D31:D31))),"")} | F31: {=IFERROR("CTN " & INDEX('111 Wall_CTNR Schedule'!$E$8:$E$40,SMALL(IF(LEFT(SUBSTITUTE('111 Wall_CTNR Schedule'!$H$8:$H$40," ","")&",",LEN($C31&"")+1)=$C31&",",ROW('111 Wall_CTNR Schedule'!$H$8:$H$40)-ROW('111 Wall_CTNR Schedule'!$H$8)+1),COLUMNS($D31:E31))),"")} | G31: {=IFERROR("CTN " & INDEX('111 Wall_CTNR Schedule'!$E$8:$E$40,SMALL(IF(LEFT(SUBSTITUTE('111 Wall_CTNR Schedule'!$H$8:$H$40," ","")&",",LEN($C31&"")+1)=$C31&",",ROW('111 Wall_CTNR Schedule'!$H$8:$H$40)-ROW('111 Wall_CTNR Schedule'!$H$8)+1),COLUMNS($D31:F31))),"")} | H31: {=IFERROR("CTN " & INDEX('111 Wall_CTNR Schedule'!$E$8:$E$40,SMALL(IF(LEFT(SUBSTITUTE('111 Wall_CTNR Schedule'!$H$8:$H$40," ","")&",",LEN($C31&"")+1)=$C31&",",ROW('111 Wall_CTNR Schedule'!$H$8:$H$40)-ROW('111 Wall_CTNR Schedule'!$H$8)+1),COLUMNS($D31:G31))),"")} | I31: {=IFERROR("CTN " & INDEX('111 Wall_CTNR Schedule'!$E$8:$E$40,SMALL(IF(LEFT(SUBSTITUTE('111 Wall_CTNR Schedule'!$H$8:$H$40," ","")&",",LEN($C31&"")+1)=$C31&",",ROW('111 Wall_CTNR Schedule'!$H$8:$H$40)-ROW('111 Wall_CTNR Schedule'!$H$8)+1),COLUMNS($D31:H31))),"")} | J31: {=IFERROR("CTN " & INDEX('111 Wall_CTNR Schedule'!$E$8:$E$40,SMALL(IF(LEFT(SUBSTITUTE('111 Wall_CTNR Schedule'!$H$8:$H$40," ","")&",",LEN($C31&"")+1)=$C31&",",ROW('111 Wall_CTNR Schedule'!$H$8:$H$40)-ROW('111 Wall_CTNR Schedule'!$H$8)+1),COLUMNS($D31:I31))),"")} | K31: {=IFERROR("CTN " & INDEX('111 Wall_CTNR Schedule'!$E$8:$E$40,SMALL(IF(LEFT(SUBSTITUTE('111 Wall_CTNR Schedule'!$H$8:$H$40," ","")&",",LEN($C31&"")+1)=$C31&",",ROW('111 Wall_CTNR Schedule'!$H$8:$H$40)-ROW('111 Wall_CTNR Schedule'!$H$8)+1),COLUMNS($D31:J31))),"")} | L31: {=IFERROR("CTN " & INDEX('111 Wall_CTNR Schedule'!$E$8:$E$40,SMALL(IF(LEFT(SUBSTITUTE('111 Wall_CTNR Schedule'!$H$8:$H$40," ","")&",",LEN($C31&"")+1)=$C31&",",ROW('111 Wall_CTNR Schedule'!$H$8:$H$40)-ROW('111 Wall_CTNR Schedule'!$H$8)+1),COLUMNS($D31:K31))),"")} | ... N31: {=IFERROR("CTN " & INDEX('111 Wall_CTNR Schedule'!$E$8:$E$40,SMALL(IF(LEFT(SUBSTITUTE('111 Wall_CTNR Schedule'!$H$8:$H$40," ","")&",",LEN($C31&"")+1)=$C31&",",ROW('111 Wall_CTNR Schedule'!$H$8:$H$40)-ROW('111 Wall_CTNR Schedule'!$H$8)+1),COLUMNS($D31:M31))),"")}
C32: 29 | D32: -- | E32: {=IFERROR("CTN " & INDEX('111 Wall_CTNR Schedule'!$E$8:$E$40,SMALL(IF(LEFT(SUBSTITUTE('111 Wall_CTNR Schedule'!$H$8:$H$40," ","")&",",LEN($C32&"")+1)=$C32&",",ROW('111 Wall_CTNR Schedule'!$H$8:$H$40)-ROW('111 Wall_CTNR Schedule'!$H$8)+1),COLUMNS($D32:D32))),"")} | F32: {=IFERROR("CTN " & INDEX('111 Wall_CTNR Schedule'!$E$8:$E$40,SMALL(IF(LEFT(SUBSTITUTE('111 Wall_CTNR Schedule'!$H$8:$H$40," ","")&",",LEN($C32&"")+1)=$C32&",",ROW('111 Wall_CTNR Schedule'!$H$8:$H$40)-ROW('111 Wall_CTNR Schedule'!$H$8)+1),COLUMNS($D32:E32))),"")} | G32: {=IFERROR("CTN " & INDEX('111 Wall_CTNR Schedule'!$E$8:$E$40,SMALL(IF(LEFT(SUBSTITUTE('111 Wall_CTNR Schedule'!$H$8:$H$40," ","")&",",LEN($C32&"")+1)=$C32&",",ROW('111 Wall_CTNR Schedule'!$H$8:$H$40)-ROW('111 Wall_CTNR Schedule'!$H$8)+1),COLUMNS($D32:F32))),"")} | H32: {=IFERROR("CTN " & INDEX('111 Wall_CTNR Schedule'!$E$8:$E$40,SMALL(IF(LEFT(SUBSTITUTE('111 Wall_CTNR Schedule'!$H$8:$H$40," ","")&",",LEN($C32&"")+1)=$C32&",",ROW('111 Wall_CTNR Schedule'!$H$8:$H$40)-ROW('111 Wall_CTNR Schedule'!$H$8)+1),COLUMNS($D32:G32))),"")} | I32: {=IFERROR("CTN " & INDEX('111 Wall_CTNR Schedule'!$E$8:$E$40,SMALL(IF(LEFT(SUBSTITUTE('111 Wall_CTNR Schedule'!$H$8:$H$40," ","")&",",LEN($C32&"")+1)=$C32&",",ROW('111 Wall_CTNR Schedule'!$H$8:$H$40)-ROW('111 Wall_CTNR Schedule'!$H$8)+1),COLUMNS($D32:H32))),"")} | J32: {=IFERROR("CTN " & INDEX('111 Wall_CTNR Schedule'!$E$8:$E$40,SMALL(IF(LEFT(SUBSTITUTE('111 Wall_CTNR Schedule'!$H$8:$H$40," ","")&",",LEN($C32&"")+1)=$C32&",",ROW('111 Wall_CTNR Schedule'!$H$8:$H$40)-ROW('111 Wall_CTNR Schedule'!$H$8)+1),COLUMNS($D32:I32))),"")} | K32: {=IFERROR("CTN " & INDEX('111 Wall_CTNR Schedule'!$E$8:$E$40,SMALL(IF(LEFT(SUBSTITUTE('111 Wall_CTNR Schedule'!$H$8:$H$40," ","")&",",LEN($C32&"")+1)=$C32&",",ROW('111 Wall_CTNR Schedule'!$H$8:$H$40)-ROW('111 Wall_CTNR Schedule'!$H$8)+1),COLUMNS($D32:J32))),"")} | L32: {=IFERROR("CTN " & INDEX('111 Wall_CTNR Schedule'!$E$8:$E$40,SMALL(IF(LEFT(SUBSTITUTE('111 Wall_CTNR Schedule'!$H$8:$H$40," ","")&",",LEN($C32&"")+1)=$C32&",",ROW('111 Wall_CTNR Schedule'!$H$8:$H$40)-ROW('111 Wall_CTNR Schedule'!$H$8)+1),COLUMNS($D32:K32))),"")} | ... N32: {=IFERROR("CTN " & INDEX('111 Wall_CTNR Schedule'!$E$8:$E$40,SMALL(IF(LEFT(SUBSTITUTE('111 Wall_CTNR Schedule'!$H$8:$H$40," ","")&",",LEN($C32&"")+1)=$C32&",",ROW('111 Wall_CTNR Schedule'!$H$8:$H$40)-ROW('111 Wall_CTNR Schedule'!$H$8)+1),COLUMNS($D32:M32))),"")}

Sheet 111W_CTNR Matrix (Condensed)
C2: 111W - CONDENSED BUILDING / STATUS MATRIX
BA4: HOIST
C5: UNITS | D5: 01 | E5: 02 | F5: 03 | G5: 04 | H5: 05 | I5: 06 | J5: 07 | K5: 08 | L5: 09 | M5: 10 | N5: 11 | O5: 12 | P5: 13 | Q5: 14 | R5: 15 | S5: 16 | T5: 17 | U5: 18 | V5: 19 | W5: 20 | X5: 21 | Y5: 22 | Z5: 23 | AA5: 24 | AB5: 25 | AC5: 26 | AD5: 27 | AE5: 28 | AF5: 29 | AG5: 30 | AH5: 31 | AI5: 32 | AJ5: 33 | AK5: 34 | AL5: 35 | AM5: 36 | AN5: 37 | AO5: 38 | AP5: 39 | AQ5: 40 | AR5: 41 | AS5: 42 | AT5: 43 | AU5: 44 | AV5: 45 | AW5: 46 | AX5: 47 | AY5: 48 | AZ5: 49 | BA5: 50 | BB5: 51 | BC5: 52 | BD5: 53 | BE5: 54 | BF5: 55 | BG5: 56 | BH5: 57 | BI5: 58
C6: FLR
C7: 29 | D7: {=_xlfn.XLOOKUP(($C7:$C33*100)+D$5:BI$5,'[1]111W_BUILDING MATRIX'!$B$8:$B$600,'[1]111W_BUILDING MATRIX'!$H$8:$H$600,"--")} -> -- | E7: -- | F7: -- | G7: -- | H7: -- | I7: -- | J7: -- | K7: -- | L7: -- | M7: -- | N7: -- | O7: -- | P7: -- | Q7: -- | R7: -- | S7: -- | T7: -- | U7: -- | V7: -- | W7: -- | X7: -- | Y7: -- | Z7: -- | AA7: -- | AB7: -- | AC7: -- | AD7: -- | AE7: -- | AF7: -- | AG7: -- | AH7: -- | AI7: -- | AJ7: -- | AK7: -- | AL7: -- | AM7: -- | AN7: -- | AO7: -- | AP7: -- | AQ7: -- | AR7: -- | AS7: -- | AT7: -- | AU7: -- | AV7: -- | AW7: -- | AX7: -- | AY7: -- | AZ7: -- | BA7: -- | BB7: -- | BC7: -- | BD7: -- | BE7: -- | BF7: -- | BG7: -- | BH7: -- | BI7: -- | BL7: =COUNTIF(D7:BI7, "D") -> 0 | BM7: KITCHENS DELIVERED out of | BP7: =COUNTIF(D7:BI7,"<>--") -> 0 | BQ7: =BL7/BP7 -> #DIV/0!
C8: 28 | D8: -- | E8: -- | F8: -- | G8: -- | H8: -- | I8: -- | J8: -- | K8: -- | L8: -- | M8: -- | N8: -- | O8: -- | P8: -- | Q8: -- | R8: -- | S8: -- | T8: -- | U8: -- | V8: -- | W8: -- | X8: -- | Y8: -- | Z8: -- | AA8: -- | AB8: -- | AC8: -- | AD8: -- | AE8: -- | AF8: -- | AG8: -- | AH8: -- | AI8: -- | AJ8: -- | AK8: -- | AL8: -- | AM8: -- | AN8: -- | AO8: -- | AP8: -- | AQ8: -- | AR8: -- | AS8: -- | AT8: -- | AU8: -- | AV8: -- | AW8: -- | AX8: -- | AY8: -- | AZ8: -- | BA8: -- | BB8: -- | BC8: -- | BD8: -- | BE8: -- | BF8: -- | BG8: -- | BH8: -- | BI8: -- | BL8: =COUNTIF(D8:BI8, "D") -> 0 | BM8: KITCHENS DELIVERED out of | BP8: =COUNTIF(D8:BI8,"<>--") -> 0 | BQ8: =BL8/BP8 -> #DIV/0!
C9: 27 | D9: -- | E9: -- | F9: -- | G9: -- | H9: -- | I9: -- | J9: -- | K9: -- | L9: -- | M9: -- | N9: -- | O9: -- | P9: -- | Q9: -- | R9: -- | S9: -- | T9: -- | U9: -- | V9: -- | W9: -- | X9: -- | Y9: -- | Z9: -- | AA9: -- | AB9: -- | AC9: -- | AD9: -- | AE9: -- | AF9: -- | AG9: -- | AH9: -- | AI9: -- | AJ9: -- | AK9: -- | AL9: -- | AM9: -- | AN9: -- | AO9: -- | AP9: -- | AQ9: -- | AR9: -- | AS9: -- | AT9: -- | AU9: -- | AV9: -- | AW9: -- | AX9: -- | AY9: -- | AZ9: -- | BA9: -- | BB9: -- | BC9: -- | BD9: -- | BE9: -- | BF9: -- | BG9: -- | BH9: -- | BI9: -- | BL9: =COUNTIF(D9:BI9, "D") -> 0 | BM9: KITCHENS DELIVERED out of | BP9: =COUNTIF(D9:BI9,"<>--") -> 0 | BQ9: =BL9/BP9 -> #DIV/0!
C10: 26 | D10: -- | E10: -- | F10: -- | G10: -- | H10: -- | I10: -- | J10: -- | K10: -- | L10: -- | M10: -- | N10: -- | O10: -- | P10: -- | Q10: -- | R10: -- | S10: -- | T10: -- | U10: -- | V10: -- | W10: -- | X10: -- | Y10: -- | Z10: -- | AA10: -- | AB10: -- | AC10: -- | AD10: -- | AE10: -- | AF10: -- | AG10: -- | AH10: -- | AI10: -- | AJ10: -- | AK10: -- | AL10: -- | AM10: -- | AN10: -- | AO10: -- | AP10: -- | AQ10: -- | AR10: -- | AS10: -- | AT10: -- | AU10: -- | AV10: -- | AW10: -- | AX10: -- | AY10: -- | AZ10: -- | BA10: -- | BB10: -- | BC10: -- | BD10: -- | BE10: -- | BF10: -- | BG10: -- | BH10: -- | BI10: -- | BL10: =COUNTIF(D10:BI10, "D") -> 0 | BM10: KITCHENS DELIVERED out of | BP10: =COUNTIF(D10:BI10,"<>--") -> 0 | BQ10: =BL10/BP10 -> #DIV/0!
C11: 25 | D11: -- | E11: -- | F11: -- | G11: -- | H11: -- | I11: -- | J11: -- | K11: -- | L11: -- | M11: -- | N11: -- | O11: -- | P11: -- | Q11: -- | R11: -- | S11: -- | T11: -- | U11: -- | V11: -- | W11: -- | X11: -- | Y11: -- | Z11: -- | AA11: -- | AB11: -- | AC11: -- | AD11: -- | AE11: -- | AF11: -- | AG11: -- | AH11: -- | AI11: -- | AJ11: -- | AK11: -- | AL11: -- | AM11: -- | AN11: -- | AO11: -- | AP11: -- | AQ11: -- | AR11: -- | AS11: -- | AT11: -- | AU11: -- | AV11: -- | AW11: -- | AX11: -- | AY11: -- | AZ11: -- | BA11: -- | BB11: -- | BC11: -- | BD11: -- | BE11: -- | BF11: -- | BG11: -- | BH11: -- | BI11: -- | BL11: =COUNTIF(D11:BI11, "D") -> 0 | BM11: KITCHENS DELIVERED out of | BP11: =COUNTIF(D11:BI11,"<>--") -> 0 | BQ11: =BL11/BP11 -> #DIV/0!
C12: 24 | D12: -- | E12: -- | F12: -- | G12: -- | H12: -- | I12: -- | J12: -- | K12: -- | L12: -- | M12: -- | N12: -- | O12: -- | P12: -- | Q12: -- | R12: -- | S12: -- | T12: -- | U12: -- | V12: -- | W12: -- | X12: -- | Y12: -- | Z12: -- | AA12: -- | AB12: -- | AC12: -- | AD12: -- | AE12: -- | AF12: -- | AG12: -- | AH12: -- | AI12: -- | AJ12: -- | AK12: -- | AL12: -- | AM12: -- | AN12: -- | AO12: -- | AP12: -- | AQ12: -- | AR12: -- | AS12: -- | AT12: -- | AU12: -- | AV12: -- | AW12: -- | AX12: -- | AY12: -- | AZ12: -- | BA12: -- | BB12: -- | BC12: -- | BD12: -- | BE12: -- | BF12: -- | BG12: -- | BH12: -- | BI12: -- | BL12: =COUNTIF(D12:BI12, "D") -> 0 | BM12: KITCHENS DELIVERED out of | BP12: =COUNTIF(D12:BI12,"<>--") -> 0 | BQ12: =BL12/BP12 -> #DIV/0!
C13: 23 | D13: -- | E13: -- | F13: -- | G13: -- | H13: -- | I13: -- | J13: -- | K13: -- | L13: -- | M13: -- | N13: -- | O13: -- | P13: -- | Q13: -- | R13: -- | S13: -- | T13: -- | U13: -- | V13: -- | W13: -- | X13: -- | Y13: -- | Z13: -- | AA13: -- | AB13: -- | AC13: -- | AD13: -- | AE13: -- | AF13: -- | AG13: -- | AH13: -- | AI13: -- | AJ13: -- | AK13: -- | AL13: -- | AM13: -- | AN13: -- | AO13: -- | AP13: -- | AQ13: -- | AR13: -- | AS13: -- | AT13: -- | AU13: -- | AV13: -- | AW13: -- | AX13: -- | AY13: -- | AZ13: -- | BA13: -- | BB13: -- | BC13: -- | BD13: -- | BE13: -- | BF13: -- | BG13: -- | BH13: -- | BI13: -- | BL13: =COUNTIF(D13:BI13, "D") -> 0 | BM13: KITCHENS DELIVERED out of | BP13: =COUNTIF(D13:BI13,"<>--") -> 0 | BQ13: =BL13/BP13 -> #DIV/0!
C14: 22 | D14: -- | E14: -- | F14: -- | G14: -- | H14: -- | I14: -- | J14: -- | K14: -- | L14: -- | M14: -- | N14: -- | O14: -- | P14: -- | Q14: -- | R14: -- | S14: -- | T14: -- | U14: -- | V14: -- | W14: -- | X14: -- | Y14: -- | Z14: -- | AA14: -- | AB14: -- | AC14: -- | AD14: -- | AE14: -- | AF14: -- | AG14: -- | AH14: -- | AI14: -- | AJ14: -- | AK14: -- | AL14: -- | AM14: -- | AN14: -- | AO14: -- | AP14: -- | AQ14: -- | AR14: -- | AS14: -- | AT14: -- | AU14: -- | AV14: -- | AW14: -- | AX14: -- | AY14: -- | AZ14: -- | BA14: -- | BB14: -- | BC14: -- | BD14: -- | BE14: -- | BF14: -- | BG14: -- | BH14: -- | BI14: -- | BL14: =COUNTIF(D14:BI14, "D") -> 0 | BM14: KITCHENS DELIVERED out of | BP14: =COUNTIF(D14:BI14,"<>--") -> 0 | BQ14: =BL14/BP14 -> #DIV/0!
C15: 21 | D15: -- | E15: -- | F15: -- | G15: -- | H15: -- | I15: -- | J15: -- | K15: -- | L15: -- | M15: -- | N15: -- | O15: -- | P15: -- | Q15: -- | R15: -- | S15: -- | T15: -- | U15: -- | V15: -- | W15: -- | X15: -- | Y15: -- | Z15: -- | AA15: -- | AB15: -- | AC15: -- | AD15: -- | AE15: -- | AF15: -- | AG15: -- | AH15: -- | AI15: -- | AJ15: -- | AK15: -- | AL15: -- | AM15: -- | AN15: -- | AO15: -- | AP15: -- | AQ15: -- | AR15: -- | AS15: -- | AT15: -- | AU15: -- | AV15: -- | AW15: -- | AX15: -- | AY15: -- | AZ15: -- | BA15: -- | BB15: -- | BC15: -- | BD15: -- | BE15: -- | BF15: -- | BG15: -- | BH15: -- | BI15: -- | BL15: =COUNTIF(D15:BI15, "D") -> 0 | BM15: KITCHENS DELIVERED out of | BP15: =COUNTIF(D15:BI15,"<>--") -> 0 | BQ15: =BL15/BP15 -> #DIV/0!
C16: 20 | D16: -- | E16: -- | F16: -- | G16: -- | H16: -- | I16: -- | J16: -- | K16: -- | L16: -- | M16: -- | N16: -- | O16: -- | P16: -- | Q16: -- | R16: -- | S16: -- | T16: -- | U16: -- | V16: -- | W16: -- | X16: -- | Y16: -- | Z16: -- | AA16: -- | AB16: -- | AC16: -- | AD16: -- | AE16: -- | AF16: -- | AG16: -- | AH16: -- | AI16: -- | AJ16: -- | AK16: -- | AL16: -- | AM16: -- | AN16: -- | AO16: -- | AP16: -- | AQ16: -- | AR16: -- | AS16: -- | AT16: -- | AU16: -- | AV16: -- | AW16: -- | AX16: -- | AY16: -- | AZ16: -- | BA16: -- | BB16: -- | BC16: -- | BD16: -- | BE16: -- | BF16: -- | BG16: -- | BH16: -- | BI16: -- | BL16: =COUNTIF(D16:BI16, "D") -> 0 | BM16: KITCHENS DELIVERED out of | BP16: =COUNTIF(D16:BI16,"<>--") -> 0 | BQ16: =BL16/BP16 -> #DIV/0!
C17: 19 | D17: -- | E17: -- | F17: -- | G17: -- | H17: -- | I17: -- | J17: -- | K17: -- | L17: -- | M17: -- | N17: -- | O17: -- | P17: -- | Q17: -- | R17: -- | S17: -- | T17: -- | U17: -- | V17: -- | W17: -- | X17: -- | Y17: -- | Z17: -- | AA17: -- | AB17: -- | AC17: -- | AD17: -- | AE17: -- | AF17: -- | AG17: -- | AH17: -- | AI17: -- | AJ17: -- | AK17: -- | AL17: -- | AM17: -- | AN17: -- | AO17: -- | AP17: -- | AQ17: -- | AR17: -- | AS17: -- | AT17: -- | AU17: -- | AV17: -- | AW17: -- | AX17: -- | AY17: -- | AZ17: -- | BA17: -- | BB17: -- | BC17: -- | BD17: -- | BE17: -- | BF17: -- | BG17: -- | BH17: -- | BI17: -- | BL17: =COUNTIF(D17:BI17, "D") -> 0 | BM17: KITCHENS DELIVERED out of | BP17: =COUNTIF(D17:BI17,"<>--") -> 0 | BQ17: =BL17/BP17 -> #DIV/0!
C18: 18 | D18: -- | E18: -- | F18: -- | G18: -- | H18: -- | I18: -- | J18: -- | K18: -- | L18: -- | M18: -- | N18: -- | O18: -- | P18: -- | Q18: -- | R18: -- | S18: -- | T18: -- | U18: -- | V18: -- | W18: -- | X18: -- | Y18: -- | Z18: -- | AA18: -- | AB18: -- | AC18: -- | AD18: -- | AE18: -- | AF18: -- | AG18: -- | AH18: -- | AI18: -- | AJ18: -- | AK18: -- | AL18: -- | AM18: -- | AN18: -- | AO18: -- | AP18: -- | AQ18: -- | AR18: -- | AS18: -- | AT18: -- | AU18: -- | AV18: -- | AW18: -- | AX18: -- | AY18: -- | AZ18: -- | BA18: -- | BB18: -- | BC18: -- | BD18: -- | BE18: -- | BF18: -- | BG18: -- | BH18: -- | BI18: -- | BL18: =COUNTIF(D18:BI18, "D") -> 0 | BM18: KITCHENS DELIVERED out of | BP18: =COUNTIF(D18:BI18,"<>--") -> 0 | BQ18: =BL18/BP18 -> #DIV/0!
C19: 17 | D19: -- | E19: -- | F19: -- | G19: -- | H19: -- | I19: -- | J19: -- | K19: -- | L19: -- | M19: -- | N19: -- | O19: -- | P19: -- | Q19: -- | R19: -- | S19: -- | T19: -- | U19: -- | V19: -- | W19: -- | X19: -- | Y19: -- | Z19: -- | AA19: -- | AB19: -- | AC19: -- | AD19: -- | AE19: -- | AF19: -- | AG19: -- | AH19: -- | AI19: -- | AJ19: -- | AK19: -- | AL19: -- | AM19: -- | AN19: -- | AO19: -- | AP19: -- | AQ19: -- | AR19: -- | AS19: -- | AT19: -- | AU19: -- | AV19: -- | AW19: -- | AX19: -- | AY19: -- | AZ19: -- | BA19: -- | BB19: -- | BC19: -- | BD19: -- | BE19: -- | BF19: -- | BG19: -- | BH19: -- | BI19: -- | BL19: =COUNTIF(D19:BI19, "D") -> 0 | BM19: KITCHENS DELIVERED out of | BP19: =COUNTIF(D19:BI19,"<>--") -> 0 | BQ19: =BL19/BP19 -> #DIV/0!
... C23: 13 | D23: -- | E23: -- | F23: -- | G23: -- | H23: -- | I23: -- | J23: -- | K23: -- | L23: -- | M23: -- | N23: -- | O23: -- | P23: -- | Q23: -- | R23: -- | S23: -- | T23: -- | U23: -- | V23: -- | W23: -- | X23: -- | Y23: -- | Z23: -- | AA23: -- | AB23: -- | AC23: -- | AD23: -- | AE23: -- | AF23: -- | AG23: -- | AH23: -- | AI23: -- | AJ23: -- | AK23: -- | AL23: -- | AM23: -- | AN23: -- | AO23: -- | AP23: -- | AQ23: -- | AR23: -- | AS23: -- | AT23: -- | AU23: -- | AV23: -- | AW23: -- | AX23: -- | AY23: -- | AZ23: -- | BA23: -- | BB23: -- | BC23: -- | BD23: -- | BE23: -- | BF23: -- | BG23: -- | BH23: -- | BI23: -- | BL23: =COUNTIF(D23:BI23, "D") -> 0 | BM23: KITCHENS DELIVERED out of | BP23: =COUNTIF(D23:BI23,"<>--") -> 0 | BQ23: =BL23/BP23 -> #DIV/0!
C24: 12 | D24: PROJ | E24: PROJ | F24: PROJ | G24: PROJ | H24: PROJ | I24: PROJ | J24: PROJ | K24: PROJ | L24: PROJ | M24: PROJ | N24: PROJ | O24: PROJ | P24: PROJ | Q24: PROJ | R24: PROJ | S24: PROJ | T24: PROJ | U24: PROJ | V24: PROJ | W24: PROJ | X24: PROJ | Y24: PROJ | Z24: PROJ | AA24: PROJ | AB24: PROJ | AC24: PROJ | AD24: PROJ | AE24: PROJ | AF24: PROJ | AG24: PROJ | AH24: PROJ | AI24: PROJ | AJ24: PROJ | AK24: PROJ | AL24: PROJ | AM24: PROJ | AN24: PROJ | AO24: PROJ | AP24: PROJ | AQ24: PROJ | AR24: PROJ | AS24: PROJ | AT24: PROJ | AU24: PROJ | AV24: PROJ | AW24: PROJ | AX24: PROJ | AY24: #N/A | AZ24: #N/A | BA24: #N/A | BB24: #N/A | BC24: #N/A | BD24: #N/A | BE24: #N/A | BF24: #N/A | BG24: #N/A | BH24: #N/A | BI24: #N/A | BL24: =COUNTIF(D24:BI24, "D") -> 0 | BM24: KITCHENS DELIVERED out of | BP24: =COUNTIF(D24:BI24,"<>--") -> 58 | BQ24: =BL24/BP24 -> 0
C25: 11 | D25: PROJ | E25: PROJ | F25: PROJ | G25: PROJ | H25: PROJ | I25: PROJ | J25: PROJ | K25: PROJ | L25: PROJ | M25: PROJ | N25: PROJ | O25: PROJ | P25: PROJ | Q25: PROJ | R25: PROJ | S25: PROJ | T25: PROJ | U25: PROJ | V25: PROJ | W25: PROJ | X25: PROJ | Y25: PROJ | Z25: PROJ | AA25: PROJ | AB25: PROJ | AC25: PROJ | AD25: PROJ | AE25: PROJ | AF25: PROJ | AG25: PROJ | AH25: PROJ | AI25: PROJ | AJ25: PROJ | AK25: PROJ | AL25: PROJ | AM25: PROJ | AN25: PROJ | AO25: PROJ | AP25: PROJ | AQ25: PROJ | AR25: PROJ | AS25: PROJ | AT25: PROJ | AU25: PROJ | AV25: PROJ | AW25: PROJ | AX25: PROJ | AY25: PROJ | AZ25: PROJ | BA25: #N/A | BB25: #N/A | BC25: PROJ | BD25: PROJ | BE25: PROJ | BF25: PROJ | BG25: PROJ | BH25: PROJ | BI25: PROJ | BL25: =COUNTIF(D25:BI25, "D") -> 0 | BM25: KITCHENS DELIVERED out of | BP25: =COUNTIF(D25:BI25,"<>--") -> 58 | BQ25: =BL25/BP25 -> 0
C26: 10 | D26: PROJ | E26: PROJ | F26: PROJ | G26: PROJ | H26: PROJ | I26: PROJ | J26: PROJ | K26: PROJ | L26: PROJ | M26: PROJ | N26: PROJ | O26: PROJ | P26: PROJ | Q26: PROJ | R26: PROJ | S26: PROJ | T26: PROJ | U26: PROJ | V26: PROJ | W26: PROJ | X26: PROJ | Y26: PROJ | Z26: PROJ | AA26: PROJ | AB26: PROJ | AC26: PROJ | AD26: PROJ | AE26: PROJ | AF26: PROJ | AG26: PROJ | AH26: PROJ | AI26: PROJ | AJ26: PROJ | AK26: PROJ | AL26: PROJ | AM26: PROJ | AN26: PROJ | AO26: PROJ | AP26: PROJ | AQ26: PROJ | AR26: PROJ | AS26: PROJ | AT26: PROJ | AU26: PROJ | AV26: PROJ | AW26: PROJ | AX26: PROJ | AY26: PROJ | AZ26: PROJ | BA26: PROJ | BB26: PROJ | BC26: PROJ | BD26: PROJ | BE26: PROJ | BF26: PROJ | BG26: PROJ | BH26: PROJ | BI26: PROJ | BL26: =COUNTIF(D26:BI26, "D") -> 0 | BM26: KITCHENS DELIVERED out of | BP26: =COUNTIF(D26:BI26,"<>--") -> 58 | BQ26: =BL26/BP26 -> 0
C27: 9 | D27: PROJ | E27: PROJ | F27: PROJ | G27: PROJ | H27: PROJ | I27: PROJ | J27: PROJ | K27: PROJ | L27: PROJ | M27: PROJ | N27: PROJ | O27: PROJ | P27: PROJ | Q27: PROJ | R27: PROJ | S27: PROJ | T27: PROJ | U27: PROJ | V27: PROJ | W27: PROJ | X27: PROJ | Y27: PROJ | Z27: PROJ | AA27: PROJ | AB27: PROJ | AC27: PROJ | AD27: PROJ | AE27: PROJ | AF27: PROJ | AG27: PROJ | AH27: PROJ | AI27: PROJ | AJ27: PROJ | AK27: PROJ | AL27: PROJ | AM27: PROJ | AN27: PROJ | AO27: PROJ | AP27: PROJ | AQ27: PROJ | AR27: PROJ | AS27: PROJ | AT27: PROJ | AU27: PROJ | AV27: PROJ | AW27: PROJ | AX27: PROJ | AY27: PROJ | AZ27: PROJ | BA27: PROJ | BB27: PROJ | BC27: PROJ | BD27: PROJ | BE27: PROJ | BF27: PROJ | BG27: PROJ | BH27: PROJ | BI27: PROJ | BL27: =COUNTIF(D27:BI27, "D") -> 0 | BM27: KITCHENS DELIVERED out of | BP27: =COUNTIF(D27:BI27,"<>--") -> 58 | BQ27: =BL27/BP27 -> 0
C28: 8 | D28: PROJ | E28: PROJ | F28: PROJ | G28: PROJ | H28: PROJ | I28: PROJ | J28: PROJ | K28: PROJ | L28: PROJ | M28: PROJ | N28: PROJ | O28: PROJ | P28: PROJ | Q28: PROJ | R28: PROJ | S28: PROJ | T28: PROJ | U28: PROJ | V28: PROJ | W28: PROJ | X28: PROJ | Y28: PROJ | Z28: PROJ | AA28: PROJ | AB28: PROJ | AC28: PROJ | AD28: PROJ | AE28: PROJ | AF28: PROJ | AG28: PROJ | AH28: PROJ | AI28: PROJ | AJ28: PROJ | AK28: PROJ | AL28: PROJ | AM28: PROJ | AN28: PROJ | AO28: PROJ | AP28: PROJ | AQ28: PROJ | AR28: PROJ | AS28: PROJ | AT28: PROJ | AU28: PROJ | AV28: PROJ | AW28: PROJ | AX28: PROJ | AY28: PROJ | AZ28: PROJ | BA28: PROJ | BB28: PROJ | BC28: PROJ | BD28: PROJ | BE28: PROJ | BF28: PROJ | BG28: PROJ | BH28: PROJ | BI28: PROJ | BL28: =COUNTIF(D28:BI28, "D") -> 0 | BM28: KITCHENS DELIVERED out of | BP28: =COUNTIF(D28:BI28,"<>--") -> 58 | BQ28: =BL28/BP28 -> 0
C29: 7 | D29: PROJ | E29: PROJ | F29: PROJ | G29: PROJ | H29: PROJ | I29: PROJ | J29: PROJ | K29: PROJ | L29: PROJ | M29: PROJ | N29: PROJ | O29: PROJ | P29: PROJ | Q29: PROJ | R29: PROJ | S29: PROJ | T29: PROJ | U29: PROJ | V29: PROJ | W29: PROJ | X29: PROJ | Y29: PROJ | Z29: PROJ | AA29: PROJ | AB29: PROJ | AC29: PROJ | AD29: PROJ | AE29: PROJ | AF29: PROJ | AG29: PROJ | AH29: PROJ | AI29: PROJ | AJ29: PROJ | AK29: PROJ | AL29: PROJ | AM29: PROJ | AN29: PROJ | AO29: PROJ | AP29: PROJ | AQ29: PROJ | AR29: PROJ | AS29: PROJ | AT29: PROJ | AU29: PROJ | AV29: PROJ | AW29: PROJ | AX29: PROJ | AY29: PROJ | AZ29: PROJ | BA29: PROJ | BB29: PROJ | BC29: PROJ | BD29: PROJ | BE29: PROJ | BF29: PROJ | BG29: PROJ | BH29: PROJ | BI29: PROJ | BL29: =COUNTIF(D29:BI29, "D") -> 0 | BM29: KITCHENS DELIVERED out of | BP29: =COUNTIF(D29:BI29,"<>--") -> 58 | BQ29: =BL29/BP29 -> 0
C30: 6 | D30: PROJ | E30: PROJ | F30: PROJ | G30: PROJ | H30: PROJ | I30: PROJ | J30: PROJ | K30: PROJ | L30: PROJ | M30: PROJ | N30: PROJ | O30: PROJ | P30: PROJ | Q30: PROJ | R30: PROJ | S30: PROJ | T30: PROJ | U30: PROJ | V30: PROJ | W30: PROJ | X30: PROJ | Y30: PROJ | Z30: PROJ | AA30: PROJ | AB30: PROJ | AC30: PROJ | AD30: PROJ | AE30: PROJ | AF30: PROJ | AG30: PROJ | AH30: PROJ | AI30: PROJ | AJ30: PROJ | AK30: PROJ | AL30: PROJ | AM30: PROJ | AN30: PROJ | AO30: PROJ | AP30: PROJ | AQ30: PROJ | AR30: PROJ | AS30: PROJ | AT30: PROJ | AU30: PROJ | AV30: PROJ | AW30: PROJ | AX30: PROJ | AY30: PROJ | AZ30: PROJ | BA30: PROJ | BB30: PROJ | BC30: PROJ | BD30: PROJ | BE30: PROJ | BF30: PROJ | BG30: PROJ | BH30: PROJ | BI30: PROJ | BL30: =COUNTIF(D30:BI30, "D") -> 0 | BM30: KITCHENS DELIVERED out of | BP30: =COUNTIF(D30:BI30,"<>--") -> 58 | BQ30: =BL30/BP30 -> 0
C31: 5 | D31: PROJ | E31: PROJ | F31: PROJ | G31: PROJ | H31: PROJ | I31: PROJ | J31: PROJ | K31: PROJ | L31: PROJ | M31: PROJ | N31: PROJ | O31: PROJ | P31: PROJ | Q31: PROJ | R31: PROJ | S31: PROJ | T31: PROJ | U31: PROJ | V31: PROJ | W31: PROJ | X31: PROJ | Y31: PROJ | Z31: PROJ | AA31: PROJ | AB31: PROJ | AC31: PROJ | AD31: PROJ | AE31: PROJ | AF31: PROJ | AG31: PROJ | AH31: PROJ | AI31: PROJ | AJ31: PROJ | AK31: PROJ | AL31: PROJ | AM31: PROJ | AN31: PROJ | AO31: PROJ | AP31: PROJ | AQ31: PROJ | AR31: PROJ | AS31: PROJ | AT31: PROJ | AU31: PROJ | AV31: PROJ | AW31: PROJ | AX31: PROJ | AY31: PROJ | AZ31: PROJ | BA31: PROJ | BB31: PROJ | BC31: PROJ | BD31: PROJ | BE31: PROJ | BF31: PROJ | BG31: PROJ | BH31: PROJ | BI31: PROJ | BL31: =COUNTIF(D31:BI31, "D") -> 0 | BM31: KITCHENS DELIVERED out of | BP31: =COUNTIF(D31:BI31,"<>--") -> 58 | BQ31: =BL31/BP31 -> 0
C32: 4 | D32: PROJ | E32: PROJ | F32: PROJ | G32: PROJ | H32: PROJ | I32: PROJ | J32: PROJ | K32: PROJ | L32: PROJ | M32: PROJ | N32: PROJ | O32: PROJ | P32: PROJ | Q32: PROJ | R32: PROJ | S32: PROJ | T32: PROJ | U32: PROJ | V32: PROJ | W32: PROJ | X32: PROJ | Y32: PROJ | Z32: PROJ | AA32: PROJ | AB32: PROJ | AC32: PROJ | AD32: PROJ | AE32: PROJ | AF32: PROJ | AG32: PROJ | AH32: PROJ | AI32: PROJ | AJ32: PROJ | AK32: PROJ | AL32: PROJ | AM32: PROJ | AN32: PROJ | AO32: PROJ | AP32: PROJ | AQ32: PROJ | AR32: PROJ | AS32: PROJ | AT32: PROJ | AU32: PROJ | AV32: PROJ | AW32: PROJ | AX32: PROJ | AY32: PROJ | AZ32: PROJ | BA32: PROJ | BB32: PROJ | BC32: PROJ | BD32: PROJ | BE32: PROJ | BF32: PROJ | BG32: PROJ | BH32: PROJ | BI32: PROJ | BL32: =COUNTIF(D32:BI32, "D") -> 0 | BM32: KITCHENS DELIVERED out of | BP32: =COUNTIF(D32:BI32,"<>--") -> 58 | BQ32: =BL32/BP32 -> 0
C33: 3 | D33: PROJ | E33: PROJ | F33: PROJ | G33: PROJ | H33: PROJ | I33: PROJ | J33: PROJ | K33: PROJ | L33: PROJ | M33: PROJ | N33: PROJ | O33: PROJ | P33: PROJ | Q33: -- | R33: PROJ | S33: PROJ | T33: PROJ | U33: PROJ | V33: PROJ | W33: PROJ | X33: PROJ | Y33: PROJ | Z33: PROJ | AA33: PROJ | AB33: PROJ | AC33: PROJ | AD33: PROJ | AE33: PROJ | AF33: PROJ | AG33: PROJ | AH33: PROJ | AI33: PROJ | AJ33: PROJ | AK33: -- | AL33: PROJ | AM33: PROJ | AN33: PROJ | AO33: PROJ | AP33: PROJ | AQ33: PROJ | AR33: PROJ | AS33: PROJ | AT33: PROJ | AU33: PROJ | AV33: PROJ | AW33: PROJ | AX33: PROJ | AY33: PROJ | AZ33: PROJ | BA33: PROJ | BB33: PROJ | BC33: PROJ | BD33: PROJ | BE33: PROJ | BF33: -- | BG33: PROJ | BH33: PROJ | BI33: PROJ | BL33: =COUNTIF(D33:BI33, "D") -> 0 | BM33: KITCHENS DELIVERED out of | BP33: 55 | BQ33: =BL33/BP33 -> 0
C37: 111W - CONDENSED BUILDING / CTNR NO. MATRIX
BA39: HOIST
C40: UNITS | D40: 01 | E40: 02 | F40: 03 | G40: 04 | H40: 05 | I40: 06 | J40: 07 | K40: 08 | L40: 09 | M40: 10 | N40: 11 | O40: 12 | P40: 13 | Q40: 14 | R40: 15 | S40: 16 | T40: 17 | U40: 18 | V40: 19 | W40: 20 | X40: 21 | Y40: 22 | Z40: 23 | AA40: 24 | AB40: 25 | AC40: 26 | AD40: 27 | AE40: 28 | AF40: 29 | AG40: 30 | AH40: 31 | AI40: 32 | AJ40: 33 | AK40: 34 | AL40: 35 | AM40: 36 | AN40: 37 | AO40: 38 | AP40: 39 | AQ40: 40 | AR40: 41 | AS40: 42 | AT40: 43 | AU40: 44 | AV40: 45 | AW40: 46 | AX40: 47 | AY40: 48 | AZ40: 49 | BA40: 50 | BB40: 51 | BC40: 52 | BD40: 53 | BE40: 54 | BF40: 55 | BG40: 56 | BH40: 57 | BI40: 58 | BJ40: TCO
C41: FLR
C42: 29 | D42: {=_xlfn.XLOOKUP(($C42:$C68*100)+D$40:BI$40,'[1]111W_BUILDING MATRIX'!$B$8:$B$600,'[1]111W_BUILDING MATRIX'!$G$8:$G$600,"--")} -> -- | E42: -- | F42: -- | G42: -- | H42: -- | I42: -- | J42: -- | K42: -- | L42: -- | M42: -- | N42: -- | O42: -- | P42: -- | Q42: -- | R42: -- | S42: -- | T42: -- | U42: -- | V42: -- | W42: -- | X42: -- | Y42: -- | Z42: -- | AA42: -- | AB42: -- | AC42: -- | AD42: -- | AE42: -- | AF42: -- | AG42: -- | AH42: -- | AI42: -- | AJ42: -- | AK42: -- | AL42: -- | AM42: -- | AN42: -- | AO42: -- | AP42: -- | AQ42: -- | AR42: -- | AS42: -- | AT42: -- | AU42: -- | AV42: -- | AW42: -- | AX42: -- | AY42: -- | AZ42: -- | BA42: -- | BB42: -- | BC42: -- | BD42: -- | BE42: -- | BF42: -- | BG42: -- | BH42: -- | BI42: -- | BJ42: TCO#4
C43: 28 | D43: -- | E43: -- | F43: -- | G43: -- | H43: -- | I43: -- | J43: -- | K43: -- | L43: -- | M43: -- | N43: -- | O43: -- | P43: -- | Q43: -- | R43: -- | S43: -- | T43: -- | U43: -- | V43: -- | W43: -- | X43: -- | Y43: -- | Z43: -- | AA43: -- | AB43: -- | AC43: -- | AD43: -- | AE43: -- | AF43: -- | AG43: -- | AH43: -- | AI43: -- | AJ43: -- | AK43: -- | AL43: -- | AM43: -- | AN43: -- | AO43: -- | AP43: -- | AQ43: -- | AR43: -- | AS43: -- | AT43: -- | AU43: -- | AV43: -- | AW43: -- | AX43: -- | AY43: -- | AZ43: -- | BA43: -- | BB43: -- | BC43: -- | BD43: -- | BE43: -- | BF43: -- | BG43: -- | BH43: -- | BI43: --
C44: 27 | D44: -- | E44: -- | F44: -- | G44: -- | H44: -- | I44: -- | J44: -- | K44: -- | L44: -- | M44: -- | N44: -- | O44: -- | P44: -- | Q44: -- | R44: -- | S44: -- | T44: -- | U44: -- | V44: -- | W44: -- | X44: -- | Y44: -- | Z44: -- | AA44: -- | AB44: -- | AC44: -- | AD44: -- | AE44: -- | AF44: -- | AG44: -- | AH44: -- | AI44: -- | AJ44: -- | AK44: -- | AL44: -- | AM44: -- | AN44: -- | AO44: -- | AP44: -- | AQ44: -- | AR44: -- | AS44: -- | AT44: -- | AU44: -- | AV44: -- | AW44: -- | AX44: -- | AY44: -- | AZ44: -- | BA44: -- | BB44: -- | BC44: -- | BD44: -- | BE44: -- | BF44: -- | BG44: -- | BH44: -- | BI44: --
C45: 26 | D45: -- | E45: -- | F45: -- | G45: -- | H45: -- | I45: -- | J45: -- | K45: -- | L45: -- | M45: -- | N45: -- | O45: -- | P45: -- | Q45: -- | R45: -- | S45: -- | T45: -- | U45: -- | V45: -- | W45: -- | X45: -- | Y45: -- | Z45: -- | AA45: -- | AB45: -- | AC45: -- | AD45: -- | AE45: -- | AF45: -- | AG45: -- | AH45: -- | AI45: -- | AJ45: -- | AK45: -- | AL45: -- | AM45: -- | AN45: -- | AO45: -- | AP45: -- | AQ45: -- | AR45: -- | AS45: -- | AT45: -- | AU45: -- | AV45: -- | AW45: -- | AX45: -- | AY45: -- | AZ45: -- | BA45: -- | BB45: -- | BC45: -- | BD45: -- | BE45: -- | BF45: -- | BG45: -- | BH45: -- | BI45: --
C46: 25 | D46: -- | E46: -- | F46: -- | G46: -- | H46: -- | I46: -- | J46: -- | K46: -- | L46: -- | M46: -- | N46: -- | O46: -- | P46: -- | Q46: -- | R46: -- | S46: -- | T46: -- | U46: -- | V46: -- | W46: -- | X46: -- | Y46: -- | Z46: -- | AA46: -- | AB46: -- | AC46: -- | AD46: -- | AE46: -- | AF46: -- | AG46: -- | AH46: -- | AI46: -- | AJ46: -- | AK46: -- | AL46: -- | AM46: -- | AN46: -- | AO46: -- | AP46: -- | AQ46: -- | AR46: -- | AS46: -- | AT46: -- | AU46: -- | AV46: -- | AW46: -- | AX46: -- | AY46: -- | AZ46: -- | BA46: -- | BB46: -- | BC46: -- | BD46: -- | BE46: -- | BF46: -- | BG46: -- | BH46: -- | BI46: --
C47: 24 | D47: -- | E47: -- | F47: -- | G47: -- | H47: -- | I47: -- | J47: -- | K47: -- | L47: -- | M47: -- | N47: -- | O47: -- | P47: -- | Q47: -- | R47: -- | S47: -- | T47: -- | U47: -- | V47: -- | W47: -- | X47: -- | Y47: -- | Z47: -- | AA47: -- | AB47: -- | AC47: -- | AD47: -- | AE47: -- | AF47: -- | AG47: -- | AH47: -- | AI47: -- | AJ47: -- | AK47: -- | AL47: -- | AM47: -- | AN47: -- | AO47: -- | AP47: -- | AQ47: -- | AR47: -- | AS47: -- | AT47: -- | AU47: -- | AV47: -- | AW47: -- | AX47: -- | AY47: -- | AZ47: -- | BA47: -- | BB47: -- | BC47: -- | BD47: -- | BE47: -- | BF47: -- | BG47: -- | BH47: -- | BI47: --
C48: 23 | D48: -- | E48: -- | F48: -- | G48: -- | H48: -- | I48: -- | J48: -- | K48: -- | L48: -- | M48: -- | N48: -- | O48: -- | P48: -- | Q48: -- | R48: -- | S48: -- | T48: -- | U48: -- | V48: -- | W48: -- | X48: -- | Y48: -- | Z48: -- | AA48: -- | AB48: -- | AC48: -- | AD48: -- | AE48: -- | AF48: -- | AG48: -- | AH48: -- | AI48: -- | AJ48: -- | AK48: -- | AL48: -- | AM48: -- | AN48: -- | AO48: -- | AP48: -- | AQ48: -- | AR48: -- | AS48: -- | AT48: -- | AU48: -- | AV48: -- | AW48: -- | AX48: -- | AY48: -- | AZ48: -- | BA48: -- | BB48: -- | BC48: -- | BD48: -- | BE48: -- | BF48: -- | BG48: -- | BH48: -- | BI48: -- | BJ48: TCO#3
C49: 22 | D49: -- | E49: -- | F49: -- | G49: -- | H49: -- | I49: -- | J49: -- | K49: -- | L49: -- | M49: -- | N49: -- | O49: -- | P49: -- | Q49: -- | R49: -- | S49: -- | T49: -- | U49: -- | V49: -- | W49: -- | X49: -- | Y49: -- | Z49: -- | AA49: -- | AB49: -- | AC49: -- | AD49: -- | AE49: -- | AF49: -- | AG49: -- | AH49: -- | AI49: -- | AJ49: -- | AK49: -- | AL49: -- | AM49: -- | AN49: -- | AO49: -- | AP49: -- | AQ49: -- | AR49: -- | AS49: -- | AT49: -- | AU49: -- | AV49: -- | AW49: -- | AX49: -- | AY49: -- | AZ49: -- | BA49: -- | BB49: -- | BC49: -- | BD49: -- | BE49: -- | BF49: -- | BG49: -- | BH49: -- | BI49: --
C50: 21 | D50: -- | E50: -- | F50: -- | G50: -- | H50: -- | I50: -- | J50: -- | K50: -- | L50: -- | M50: -- | N50: -- | O50: -- | P50: -- | Q50: -- | R50: -- | S50: -- | T50: -- | U50: -- | V50: -- | W50: -- | X50: -- | Y50: -- | Z50: -- | AA50: -- | AB50: -- | AC50: -- | AD50: -- | AE50: -- | AF50: -- | AG50: -- | AH50: -- | AI50: -- | AJ50: -- | AK50: -- | AL50: -- | AM50: -- | AN50: -- | AO50: -- | AP50: -- | AQ50: -- | AR50: -- | AS50: -- | AT50: -- | AU50: -- | AV50: -- | AW50: -- | AX50: -- | AY50: -- | AZ50: -- | BA50: -- | BB50: -- | BC50: -- | BD50: -- | BE50: -- | BF50: -- | BG50: -- | BH50: -- | BI50: --
C51: 20 | D51: -- | E51: -- | F51: -- | G51: -- | H51: -- | I51: -- | J51: -- | K51: -- | L51: -- | M51: -- | N51: -- | O51: -- | P51: -- | Q51: -- | R51: -- | S51: -- | T51: -- | U51: -- | V51: -- | W51: -- | X51: -- | Y51: -- | Z51: -- | AA51: -- | AB51: -- | AC51: -- | AD51: -- | AE51: -- | AF51: -- | AG51: -- | AH51: -- | AI51: -- | AJ51: -- | AK51: -- | AL51: -- | AM51: -- | AN51: -- | AO51: -- | AP51: -- | AQ51: -- | AR51: -- | AS51: -- | AT51: -- | AU51: -- | AV51: -- | AW51: -- | AX51: -- | AY51: -- | AZ51: -- | BA51: -- | BB51: -- | BC51: -- | BD51: -- | BE51: -- | BF51: -- | BG51: -- | BH51: -- | BI51: --
C52: 19 | D52: -- | E52: -- | F52: -- | G52: -- | H52: -- | I52: -- | J52: -- | K52: -- | L52: -- | M52: -- | N52: -- | O52: -- | P52: -- | Q52: -- | R52: -- | S52: -- | T52: -- | U52: -- | V52: -- | W52: -- | X52: -- | Y52: -- | Z52: -- | AA52: -- | AB52: -- | AC52: -- | AD52: -- | AE52: -- | AF52: -- | AG52: -- | AH52: -- | AI52: -- | AJ52: -- | AK52: -- | AL52: -- | AM52: -- | AN52: -- | AO52: -- | AP52: -- | AQ52: -- | AR52: -- | AS52: -- | AT52: -- | AU52: -- | AV52: -- | AW52: -- | AX52: -- | AY52: -- | AZ52: -- | BA52: -- | BB52: -- | BC52: -- | BD52: -- | BE52: -- | BF52: -- | BG52: -- | BH52: -- | BI52: --
C53: 18 | D53: -- | E53: -- | F53: -- | G53: -- | H53: -- | I53: -- | J53: -- | K53: -- | L53: -- | M53: -- | N53: -- | O53: -- | P53: -- | Q53: -- | R53: -- | S53: -- | T53: -- | U53: -- | V53: -- | W53: -- | X53: -- | Y53: -- | Z53: -- | AA53: -- | AB53: -- | AC53: -- | AD53: -- | AE53: -- | AF53: -- | AG53: -- | AH53: -- | AI53: -- | AJ53: -- | AK53: -- | AL53: -- | AM53: -- | AN53: -- | AO53: -- | AP53: -- | AQ53: -- | AR53: -- | AS53: -- | AT53: -- | AU53: -- | AV53: -- | AW53: -- | AX53: -- | AY53: -- | AZ53: -- | BA53: -- | BB53: -- | BC53: -- | BD53: -- | BE53: -- | BF53: -- | BG53: -- | BH53: -- | BI53: --
C54: 17 | D54: -- | E54: -- | F54: -- | G54: -- | H54: -- | I54: -- | J54: -- | K54: -- | L54: -- | M54: -- | N54: -- | O54: -- | P54: -- | Q54: -- | R54: -- | S54: -- | T54: -- | U54: -- | V54: -- | W54: -- | X54: -- | Y54: -- | Z54: -- | AA54: -- | AB54: -- | AC54: -- | AD54: -- | AE54: -- | AF54: -- | AG54: -- | AH54: -- | AI54: -- | AJ54: -- | AK54: -- | AL54: -- | AM54: -- | AN54: -- | AO54: -- | AP54: -- | AQ54: -- | AR54: -- | AS54: -- | AT54: -- | AU54: -- | AV54: -- | AW54: -- | AX54: -- | AY54: -- | AZ54: -- | BA54: -- | BB54: -- | BC54: -- | BD54: -- | BE54: -- | BF54: -- | BG54: -- | BH54: -- | BI54: -- | BJ54: TCO#2
C55: 16 | D55: -- | E55: -- | F55: -- | G55: -- | H55: -- | I55: -- | J55: -- | K55: -- | L55: -- | M55: -- | N55: -- | O55: -- | P55: -- | Q55: -- | R55: -- | S55: -- | T55: -- | U55: -- | V55: -- | W55: -- | X55: -- | Y55: -- | Z55: -- | AA55: -- | AB55: -- | AC55: -- | AD55: -- | AE55: -- | AF55: -- | AG55: -- | AH55: -- | AI55: -- | AJ55: -- | AK55: -- | AL55: -- | AM55: -- | AN55: -- | AO55: -- | AP55: -- | AQ55: -- | AR55: -- | AS55: -- | AT55: -- | AU55: -- | AV55: -- | AW55: -- | AX55: -- | AY55: -- | AZ55: -- | BA55: -- | BB55: -- | BC55: -- | BD55: -- | BE55: -- | BF55: -- | BG55: -- | BH55: -- | BI55: --
C56: 15 | D56: -- | E56: -- | F56: -- | G56: -- | H56: -- | I56: -- | J56: -- | K56: -- | L56: -- | M56: -- | N56: -- | O56: -- | P56: -- | Q56: -- | R56: -- | S56: -- | T56: -- | U56: -- | V56: -- | W56: -- | X56: -- | Y56: -- | Z56: -- | AA56: -- | AB56: -- | AC56: -- | AD56: -- | AE56: -- | AF56: -- | AG56: -- | AH56: -- | AI56: -- | AJ56: -- | AK56: -- | AL56: -- | AM56: -- | AN56: -- | AO56: -- | AP56: -- | AQ56: -- | AR56: -- | AS56: -- | AT56: -- | AU56: -- | AV56: -- | AW56: -- | AX56: -- | AY56: -- | AZ56: -- | BA56: -- | BB56: -- | BC56: -- | BD56: -- | BE56: -- | BF56: -- | BG56: -- | BH56: -- | BI56: --
C57: 14 | D57: -- | E57: -- | F57: -- | G57: -- | H57: -- | I57: -- | J57: -- | K57: -- | L57: -- | M57: -- | N57: -- | O57: -- | P57: -- | Q57: -- | R57: -- | S57: -- | T57: -- | U57: -- | V57: -- | W57: -- | X57: -- | Y57: -- | Z57: -- | AA57: -- | AB57: -- | AC57: -- | AD57: -- | AE57: -- | AF57: -- | AG57: -- | AH57: -- | AI57: -- | AJ57: -- | AK57: -- | AL57: -- | AM57: -- | AN57: -- | AO57: -- | AP57: -- | AQ57: -- | AR57: -- | AS57: -- | AT57: -- | AU57: -- | AV57: -- | AW57: -- | AX57: -- | AY57: -- | AZ57: -- | BA57: -- | BB57: -- | BC57: -- | BD57: -- | BE57: -- | BF57: -- | BG57: -- | BH57: -- | BI57: --
C58: 13 | D58: -- | E58: -- | F58: -- | G58: -- | H58: -- | I58: -- | J58: -- | K58: -- | L58: -- | M58: -- | N58: -- | O58: -- | P58: -- | Q58: -- | R58: -- | S58: -- | T58: -- | U58: -- | V58: -- | W58: -- | X58: -- | Y58: -- | Z58: -- | AA58: -- | AB58: -- | AC58: -- | AD58: -- | AE58: -- | AF58: -- | AG58: -- | AH58: -- | AI58: -- | AJ58: -- | AK58: -- | AL58: -- | AM58: -- | AN58: -- | AO58: -- | AP58: -- | AQ58: -- | AR58: -- | AS58: -- | AT58: -- | AU58: -- | AV58: -- | AW58: -- | AX58: -- | AY58: -- | AZ58: -- | BA58: -- | BB58: -- | BC58: -- | BD58: -- | BE58: -- | BF58: -- | BG58: -- | BH58: -- | BI58: --
C59: 12 | D59: 29 | E59: 29 | F59: 29 | G59: 29 | H59: 29 | I59: 29 | J59: 29 | K59: 29 | L59: 29 | M59: 29 | N59: 29 | O59: 30 | P59: 30 | Q59: 30 | R59: 30 | S59: 30 | T59: 30 | U59: 30 | V59: 30 | W59: 30 | X59: 30 | Y59: 30 | Z59: 30 | AA59: 30 | AB59: 30 | AC59: 30 | AD59: 30 | AE59: 30 | AF59: 30 | AG59: 31 | AH59: 31 | AI59: 31 | AJ59: 31 | AK59: 31 | AL59: 31 | AM59: 31 | AN59: 31 | AO59: 31 | AP59: 31 | AQ59: 31 | AR59: 31 | AS59: 31 | AT59: 31 | AU59: 31 | AV59: 31 | AW59: 31 | AX59: 31 | AY59: 32 | AZ59: 32 | BA59: H2 | BB59: H2 | BC59: 32 | BD59: 32 | BE59: 32 | BF59: 32 | BG59: 32 | BH59: 32 | BI59: 32
C60: 11 | D60: 26 | E60: 26 | F60: 26 | G60: 26 | H60: 26 | I60: 26 | J60: 26 | K60: 26 | L60: 26 | M60: 26 | N60: 26 | O60: 26 | P60: 26 | Q60: 26 | R60: 26 | S60: 27 | T60: 27 | U60: 27 | V60: 27 | W60: 27 | X60: 27 | Y60: 27 | Z60: 27 | AA60: 27 | AB60: 27 | AC60: 27 | AD60: 27 | AE60: 27 | AF60: 27 | AG60: 27 | AH60: 27 | AI60: 27 | AJ60: 27 | AK60: 28 | AL60: 28 | AM60: 28 | AN60: 28 | AO60: 28 | AP60: 28 | AQ60: 28 | AR60: 28 | AS60: 28 | AT60: 28 | AU60: 28 | AV60: 28 | AW60: 28 | AX60: 28 | AY60: 28 | AZ60: 28 | BA60: H2 | BB60: H2 | BC60: 29 | BD60: 29 | BE60: 29 | BF60: 29 | BG60: 29 | BH60: 29 | BI60: 29
C61: 10 | D61: 22 | E61: 23 | F61: 23 | G61: 23 | H61: 23 | I61: 23 | J61: 23 | K61: 23 | L61: 23 | M61: 23 | N61: 23 | O61: 23 | P61: 23 | Q61: 23 | R61: 23 | S61: 23 | T61: 23 | U61: 23 | V61: 23 | W61: 24 | X61: 24 | Y61: 24 | Z61: 24 | AA61: 24 | AB61: 24 | AC61: 24 | AD61: 24 | AE61: 24 | AF61: 24 | AG61: 24 | AH61: 24 | AI61: 24 | AJ61: 24 | AK61: 24 | AL61: 24 | AM61: 24 | AN61: 24 | AO61: 25 | AP61: 25 | AQ61: 25 | AR61: 25 | AS61: 25 | AT61: 25 | AU61: 25 | AV61: 25 | AW61: 25 | AX61: 25 | AY61: 25 | AZ61: 25 | BA61: H1 | BB61: H1 | BC61: 25 | BD61: 25 | BE61: 25 | BF61: 25 | BG61: 26 | BH61: 26 | BI61: 26 | BJ61: TCO#1
C62: 9 | D62: 19 | E62: 19 | F62: 19 | G62: 19 | H62: 19 | I62: 20 | J62: 20 | K62: 20 | L62: 20 | M62: 20 | N62: 20 | O62: 20 | P62: 20 | Q62: 20 | R62: 20 | S62: 20 | T62: 20 | U62: 20 | V62: 20 | W62: 20 | X62: 20 | Y62: 20 | Z62: 20 | AA62: 21 | AB62: 21 | AC62: 21 | AD62: 21 | AE62: 21 | AF62: 21 | AG62: 21 | AH62: 21 | AI62: 21 | AJ62: 21 | AK62: 21 | AL62: 21 | AM62: 21 | AN62: 21 | AO62: 21 | AP62: 21 | AQ62: 21 | AR62: 21 | AS62: 22 | AT62: 22 | AU62: 22 | AV62: 22 | AW62: 22 | AX62: 22 | AY62: 22 | AZ62: 22 | BA62: H1 | BB62: H1 | BC62: 22 | BD62: 22 | BE62: 22 | BF62: 22 | BG62: 22 | BH62: 22 | BI62: 22
C63: 8 | D63: 16 | E63: 16 | F63: 16 | G63: 16 | H63: 16 | I63: 16 | J63: 16 | K63: 16 | L63: 16 | M63: 17 | N63: 17 | O63: 17 | P63: 17 | Q63: 17 | R63: 17 | S63: 17 | T63: 17 | U63: 17 | V63: 17 | W63: 17 | X63: 17 | Y63: 17 | Z63: 17 | AA63: 17 | AB63: 17 | AC63: 17 | AD63: 17 | AE63: 18 | AF63: 18 | AG63: 18 | AH63: 18 | AI63: 18 | AJ63: 18 | AK63: 18 | AL63: 18 | AM63: 18 | AN63: 18 | AO63: 18 | AP63: 18 | AQ63: 18 | AR63: 18 | AS63: 18 | AT63: 18 | AU63: 18 | AV63: 18 | AW63: 19 | AX63: 19 | AY63: 19 | AZ63: 19 | BA63: H1 | BB63: H1 | BC63: 19 | BD63: 19 | BE63: 19 | BF63: 19 | BG63: 19 | BH63: 19 | BI63: 19
C64: 7 | D64: 13 | E64: 13 | F64: 13 | G64: 13 | H64: 13 | I64: 13 | J64: 13 | K64: 13 | L64: 13 | M64: 13 | N64: 13 | O64: 13 | P64: 13 | Q64: 14 | R64: 14 | S64: 14 | T64: 14 | U64: 14 | V64: 14 | W64: 14 | X64: 14 | Y64: 14 | Z64: 14 | AA64: 14 | AB64: 14 | AC64: 14 | AD64: 14 | AE64: 14 | AF64: 14 | AG64: 14 | AH64: 14 | AI64: 15 | AJ64: 15 | AK64: 15 | AL64: 15 | AM64: 15 | AN64: 15 | AO64: 15 | AP64: 15 | AQ64: 15 | AR64: 15 | AS64: 15 | AT64: 15 | AU64: 15 | AV64: 15 | AW64: 15 | AX64: 15 | AY64: 15 | AZ64: 15 | BA64: H1 | BB64: H1 | BC64: 16 | BD64: 16 | BE64: 16 | BF64: 16 | BG64: 16 | BH64: 16 | BI64: 16
